,Price,4G,Reporter,Crew Duration,edit duration,DayOfWeek,Report Duration (seconds),Client_bbc arabic,Client_beirutsat,Client_bloomberg asharq,Client_byblos medya,Client_newstime,Client_priyanka cgtn,Client_russia today,Truck_Nissan Sunny,Truck_Nissan X.Trail,Truck_Renault Duster,Truck_Suzuki Cias,Truck_other Truck,Others Acces_No Acces,Others Acces_Pro-X,Others Acces_Torch,Format_MP4-HD,Format_MXF,Format_MXF OP1A,Format_MXF-HD 50i,Format_No format
0,265,0,1,225,120,5,145,0,0,0,0,0,0,0,0,0,0,1,0,0,1,0,0,1,0,0,0
1,280,0,1,60,60,6,146,0,0,0,0,0,0,1,0,0,0,0,0,0,1,0,1,0,0,0,0
2,265,0,1,260,90,0,160,0,0,0,0,0,0,0,0,0,0,1,0,0,1,0,0,0,0,1,0
3,265,0,1,315,120,0,145,0,0,0,0,0,0,0,0,0,0,1,0,0,1,0,0,1,0,0,0
4,180,0,0,90,0,0,0,0,1,0,0,0,0,0,0,0,0,0,0,0,1,0,0,0,0,0,1
5,250,0,1,90,0,1,0,0,0,0,0,0,0,0,0,0,0,1,0,0,1,0,0,0,0,0,1
6,280,0,1,90,60,1,194,0,0,0,0,0,0,1,0,0,0,1,0,0,1,0,1,0,0,0,0
7,180,0,0,60,0,1,0,0,1,0,0,0,0,0,0,0,0,0,0,0,1,0,0,0,0,0,1
8,265,0,1,145,120,2,156,0,0,0,0,0,0,0,0,0,0,1,0,0,1,0,0,1,0,0,0
9,250,0,1,235,0,2,0,0,0,0,0,0,0,0,0,0,0,1,0,0,1,0,0,0,0,0,1
10,280,0,0,180,60,2,142,0,0,0,0,0,0,1,0,0,0,0,0,0,1,0,1,0,0,0,0
11,180,0,0,60,0,2,0,0,1,0,0,0,0,0,0,0,0,0,0,0,1,0,0,0,0,0,1
12,265,0,1,210,120,3,148,0,0,0,0,0,0,0,0,0,0,1,0,0,1,0,0,0,0,1,0
13,265,0,1,250,120,3,0,0,0,0,0,0,0,0,0,0,0,1,0,0,1,0,0,0,0,0,1
14,265,0,1,390,0,3,0,0,0,1,0,0,0,0,0,0,1,0,0,0,1,0,0,0,0,0,1
15,265,0,1,130,20,4,219,0,0,0,0,0,0,0,0,0,0,0,0,0,1,0,0,1,0,0,0
16,280,0,1,60,90,4,170,0,0,0,0,0,0,1,0,0,0,0,0,0,1,0,1,0,0,0,0
17,180,0,1,60,0,4,0,0,1,0,0,0,0,0,0,0,1,0,0,0,1,0,0,0,0,0,1
18,50,0,1,0,120,4,193,0,0,0,0,0,0,0,0,0,0,0,0,1,0,0,0,1,0,0,0
19,265,0,1,265,20,5,142,0,0,0,0,0,0,0,0,0,0,1,0,0,1,0,0,1,0,0,0
20,265,0,1,45,90,5,215,0,0,0,0,0,0,0,0,1,0,0,0,0,1,0,0,1,0,0,0
21,750,1,1,240,0,5,0,0,0,0,0,0,0,0,0,0,0,1,0,0,1,0,0,0,0,0,1
22,280,0,1,210,60,5,155,0,0,0,0,0,0,1,0,0,0,0,0,0,1,0,1,0,0,0,0
23,285,0,0,120,60,5,250,0,0,1,0,0,0,0,0,0,1,0,0,0,1,0,1,0,0,0,0
24,40,0,1,0,120,5,194,0,0,0,0,1,0,0,0,0,0,0,0,1,0,0,1,0,0,0,0
25,350,0,0,120,0,0,349,1,0,0,0,0,0,0,0,0,1,0,0,0,1,0,1,0,0,0,0
26,265,0,1,150,90,0,117,0,0,0,0,0,0,0,0,0,0,1,0,0,1,0,0,1,0,0,0
27,265,0,1,210,120,0,155,0,0,0,0,0,0,0,0,1,0,0,0,0,1,0,0,1,0,0,0
28,230,0,1,150,432,0,225,0,1,0,0,0,0,0,0,0,0,1,0,0,1,0,1,0,0,0,0
29,180,0,0,135,0,0,0,0,1,0,0,0,0,0,0,0,0,1,0,0,1,0,0,0,0,0,1
30,40,0,1,0,60,0,180,0,0,0,0,1,0,0,0,0,0,0,0,1,0,0,1,0,0,0,0
31,265,0,0,120,0,0,0,0,0,1,0,0,0,0,0,0,1,0,0,0,1,0,0,0,0,0,1
32,265,0,1,280,120,1,153,0,0,0,0,0,0,0,0,0,0,1,0,0,1,0,0,1,0,0,0
33,250,0,1,270,0,1,0,0,0,0,0,0,0,0,0,0,0,1,0,0,1,0,0,0,0,0,1
34,180,0,0,90,0,1,0,0,1,0,0,0,0,0,0,0,0,0,0,0,1,0,0,0,0,0,1
35,280,0,1,60,90,1,148,0,0,0,0,0,0,1,0,0,0,0,0,0,1,0,1,0,0,0,0
36,250,0,1,190,0,2,0,0,0,0,0,0,0,0,0,0,0,1,0,0,1,0,0,0,0,0,1
37,265,0,1,220,75,2,143,0,0,0,0,0,0,0,0,0,0,1,0,0,1,0,0,0,0,1,0
38,285,0,1,330,105,2,185,0,0,1,0,0,0,0,0,0,1,0,0,0,1,0,0,0,0,0,0
39,50,0,1,0,105,2,148,0,0,0,0,0,0,0,0,0,0,0,0,1,0,0,0,0,0,1,0
40,40,0,1,0,60,2,225,0,0,0,0,1,0,0,0,0,0,0,0,1,0,0,1,0,0,0,0
41,350,0,0,60,30,3,89,1,0,0,0,0,0,0,0,0,0,0,0,0,1,0,1,0,0,0,0
42,265,0,1,255,120,3,188,0,0,0,0,0,0,0,0,0,0,1,0,0,1,0,0,1,0,0,0
43,285,1,1,395,0,3,0,0,0,1,0,0,0,0,0,0,1,0,0,0,1,0,0,0,0,0,1
44,280,1,1,585,90,3,153,0,0,0,0,0,0,1,0,0,0,1,0,0,1,0,1,0,0,0,0
45,180,0,0,220,0,3,0,0,1,0,0,0,0,0,0,0,0,1,0,0,1,0,0,0,0,0,1
46,50,0,0,0,432,3,402,1,0,0,0,0,0,0,0,0,0,0,0,1,0,0,1,0,0,0,0
47,40,0,1,0,75,3,166,0,0,0,0,1,0,0,0,0,0,0,0,1,0,0,1,0,0,0,0
48,250,0,1,120,0,4,0,0,0,0,0,0,0,0,0,0,0,1,0,0,1,0,0,0,0,0,1
49,265,0,1,90,120,4,155,0,0,0,0,0,0,0,0,0,0,1,0,0,1,0,0,1,0,0,0
50,285,0,1,190,0,4,184,0,0,1,0,0,0,0,0,0,1,0,0,0,1,0,1,0,0,0,0
51,265,0,1,140,0,5,0,0,0,0,0,0,0,0,0,0,0,1,0,0,1,0,0,0,0,0,1
52,180,0,0,120,0,5,0,0,1,0,0,0,0,0,0,0,0,0,0,0,1,0,0,0,0,0,1
53,50,0,1,0,120,5,146,0,0,0,0,0,0,0,0,0,0,0,0,1,0,0,0,0,0,1,0
54,280,0,1,60,60,6,210,0,0,0,0,0,0,1,0,0,0,0,0,0,1,0,1,0,0,0,0
55,180,0,0,60,0,6,0,0,1,0,0,0,0,0,0,0,0,0,0,0,1,0,0,0,0,0,1
56,50,0,1,0,105,6,157,0,0,0,0,0,0,0,0,0,0,0,0,1,0,0,0,1,0,0,0
57,265,0,1,520,120,0,152,0,0,0,0,0,0,0,0,0,0,1,0,0,1,0,0,1,0,0,0
58,265,0,1,90,20,0,218,0,0,0,0,0,0,0,0,0,0,0,0,0,1,0,0,1,0,0,0
59,180,0,1,100,0,0,0,0,1,0,0,0,0,0,0,0,0,1,0,0,1,0,0,0,0,0,1
60,350,0,0,330,216,1,616,1,0,0,0,0,0,0,0,0,1,0,0,0,1,0,1,0,0,0,0
61,265,0,1,370,80,1,135,0,0,0,0,0,0,0,0,0,0,1,0,0,1,0,0,1,0,0,0
62,350,0,0,60,30,2,0,1,0,0,0,0,0,0,0,0,1,0,0,0,1,0,0,0,0,0,0
63,250,0,1,570,0,2,0,0,0,0,0,0,0,0,0,0,0,1,0,0,1,0,0,0,0,0,1
64,250,0,1,90,0,2,0,0,0,0,0,0,0,0,0,0,0,1,0,0,1,0,0,0,0,0,1
65,280,0,1,120,60,2,186,0,0,0,0,0,0,1,0,0,0,1,0,0,1,0,1,0,0,0,0
66,180,0,1,60,0,2,0,0,1,0,0,0,0,0,0,0,0,0,0,0,1,0,0,0,0,0,1
67,50,0,1,0,95,2,155,0,0,0,0,0,0,0,0,0,0,0,0,1,0,0,0,0,0,1,0
68,250,0,1,505,0,3,0,0,0,0,0,0,0,0,0,1,0,0,0,0,1,0,0,0,0,0,1
69,250,0,1,75,0,3,0,0,0,0,0,0,0,0,0,0,0,1,0,0,1,0,0,0,0,0,1
70,280,0,1,270,0,3,125,0,0,0,0,0,0,1,0,0,0,0,0,0,1,0,1,0,0,0,0
71,285,1,0,385,90,3,261,0,0,1,0,0,0,0,0,1,0,0,0,0,1,0,1,0,0,0,0
72,50,0,1,0,120,3,268,0,0,0,0,0,0,0,0,0,0,0,0,1,0,0,0,0,0,1,0
73,350,0,0,75,432,4,244,1,0,0,0,0,0,0,0,0,1,0,0,0,1,0,1,0,0,0,0
74,265,0,1,120,20,4,187,0,0,0,0,0,0,0,0,0,0,0,0,0,1,0,0,0,0,1,0
75,50,0,1,0,90,4,171,0,0,0,0,0,0,0,0,0,0,0,0,1,0,0,0,0,0,1,0
76,50,0,1,0,110,4,158,0,0,0,0,0,0,0,0,0,0,0,0,1,0,0,0,0,0,1,0
77,100,0,0,0,480,4,0,0,0,0,0,0,0,0,0,0,0,0,0,1,0,0,0,0,0,0,1
78,265,0,1,480,120,5,150,0,0,0,0,0,0,0,0,0,0,1,0,0,1,0,0,1,0,0,0
79,230,0,0,90,30,5,88,0,1,0,0,0,0,0,0,0,0,0,0,0,1,0,1,0,0,0,0
80,265,0,1,180,105,6,158,0,0,0,0,0,0,0,0,0,0,1,0,0,1,0,0,1,0,0,0
81,280,0,1,60,60,6,148,0,0,0,0,0,0,1,0,0,0,0,0,0,1,0,1,0,0,0,0
82,40,0,1,0,100,6,210,0,0,0,0,1,0,0,0,0,0,0,0,1,0,0,1,0,0,0,0
83,300,0,0,65,0,0,0,1,0,0,0,0,0,0,0,0,1,0,0,0,1,0,0,0,0,0,1
84,265,0,1,260,120,0,160,0,0,0,0,0,0,0,0,0,0,1,0,0,1,0,0,1,0,0,0
85,265,0,1,260,105,0,134,0,0,0,0,0,0,0,0,1,0,0,0,0,1,0,0,0,0,1,0
86,265,0,1,120,75,0,140,0,0,0,0,0,0,0,0,0,0,1,0,0,1,0,0,1,0,0,0
87,280,0,1,30,120,0,195,0,0,0,0,0,0,1,0,0,0,0,0,0,1,0,1,0,0,0,0
88,285,1,0,300,0,0,0,0,0,1,0,0,0,0,0,1,0,0,0,0,1,0,0,0,0,0,1
89,350,0,0,460,45,1,514,1,0,0,0,0,0,0,0,0,1,0,0,0,1,0,1,0,0,0,0
90,250,0,1,510,0,1,0,0,0,0,0,0,0,0,0,1,0,0,0,0,1,0,0,0,0,0,1
91,300,0,1,580,0,1,0,0,0,0,0,0,1,0,0,0,0,0,0,0,1,0,0,0,0,0,1
92,180,0,0,70,0,1,0,0,1,0,0,0,0,0,0,0,0,0,0,0,1,0,0,0,0,0,1
93,265,0,0,165,0,1,0,0,0,1,0,0,0,0,0,0,1,0,0,0,1,0,0,0,0,0,1
94,50,0,0,0,30,1,594,1,0,0,0,0,0,0,0,0,0,0,0,1,0,0,1,0,0,0,0
95,350,0,0,210,216,2,885,1,0,0,0,0,0,0,0,0,1,0,0,0,1,0,1,0,0,0,0
96,265,0,1,405,105,2,143,0,0,0,0,0,0,0,0,0,0,1,0,0,1,0,0,0,0,1,0
97,250,0,1,345,0,2,0,0,0,0,0,0,0,0,0,0,1,0,0,0,1,0,0,0,0,0,1
98,280,0,1,400,90,2,195,0,0,0,0,0,0,1,0,0,0,0,0,0,1,0,0,0,0,0,0
99,285,0,1,125,20,2,57,0,0,1,0,0,0,0,0,0,1,0,0,0,1,0,1,0,0,0,0
100,180,0,0,180,0,2,0,0,1,0,0,0,0,0,0,0,0,0,0,0,1,0,0,0,0,0,1
101,50,0,0,0,75,2,0,1,0,0,0,0,0,0,0,0,0,0,0,1,0,0,1,0,0,0,0
102,50,0,1,0,120,2,162,0,0,0,0,0,0,0,0,0,0,0,0,1,0,0,0,0,0,1,0
103,50,0,1,0,180,2,184,0,0,0,0,0,1,0,0,0,0,0,0,1,0,0,1,0,0,0,0
104,40,0,1,0,120,2,150,0,0,0,0,1,0,0,0,0,0,0,0,1,0,0,1,0,0,0,0
105,350,0,0,195,60,3,814,1,0,0,0,0,0,0,0,0,0,0,0,0,1,0,1,0,0,0,0
106,250,0,1,150,0,3,0,0,0,0,0,0,0,0,0,0,0,1,0,0,1,0,0,0,0,0,1
107,265,0,1,330,120,4,150,0,0,0,0,0,0,0,0,0,1,0,0,0,1,0,0,1,0,0,0
108,265,0,1,150,0,4,0,0,0,1,0,0,0,0,0,0,1,0,0,0,1,0,0,0,0,0,1
109,285,0,0,270,0,4,0,0,0,1,0,0,0,0,0,1,0,0,0,0,1,0,0,0,0,0,1
110,250,0,1,570,0,5,0,0,0,0,0,0,0,0,0,0,0,0,0,0,1,0,0,0,0,0,1
111,265,0,1,60,20,5,223,0,0,0,0,0,0,0,0,0,0,0,0,0,1,0,0,1,0,0,0
112,280,0,1,60,120,5,135,0,0,0,0,0,0,1,0,0,0,0,0,0,1,0,1,0,0,0,0
113,180,0,0,120,0,5,0,0,1,0,0,0,0,0,0,0,0,0,0,0,1,0,0,0,0,0,1
114,50,0,1,0,120,5,181,0,0,0,0,0,0,0,0,0,0,0,0,1,0,0,0,1,0,0,0
115,50,0,1,0,120,6,148,0,0,0,0,0,0,0,0,0,0,0,0,1,0,0,0,0,1,0,0
116,180,0,1,60,0,0,0,0,1,0,0,0,0,0,0,0,0,0,0,0,1,0,0,0,0,0,1
117,285,0,1,160,90,0,1026,0,0,1,0,0,0,0,0,0,1,0,0,0,1,0,1,0,0,0,0
118,50,0,1,0,150,0,235,0,0,0,0,0,0,0,0,0,0,0,0,1,0,0,0,1,0,0,0
119,150,0,0,0,0,1,0,0,0,0,0,0,0,0,0,0,0,0,0,1,0,0,0,0,0,0,1
120,150,0,0,0,0,2,0,0,0,0,0,0,0,0,0,0,0,0,0,1,0,0,0,0,0,0,1
121,150,0,0,0,0,3,0,0,0,0,0,0,0,0,0,0,0,0,0,1,0,0,0,0,0,0,1
122,150,0,0,0,0,4,0,0,0,0,0,0,0,0,0,0,0,0,0,1,0,0,0,0,0,0,1
123,150,0,0,0,0,5,0,0,0,0,0,0,0,0,0,0,0,0,0,1,0,0,0,0,0,0,1
124,150,0,0,0,0,6,0,0,0,0,0,0,0,0,0,0,0,0,0,1,0,0,0,0,0,0,1
125,150,0,0,0,0,6,0,0,0,0,0,0,0,0,0,0,0,0,0,1,0,0,0,0,0,0,1
126,150,0,0,0,0,0,0,0,0,0,0,0,0,0,0,0,0,0,0,1,0,0,0,0,0,0,1
127,150,0,0,0,0,1,0,0,0,0,0,0,0,0,0,0,0,0,0,1,0,0,0,0,0,0,1
128,150,0,0,0,0,2,0,0,0,0,0,0,0,0,0,0,0,0,0,1,0,0,0,0,0,0,1
129,150,0,0,0,0,3,0,0,0,0,0,0,0,0,0,0,0,0,0,1,0,0,0,0,0,0,1
130,150,0,0,0,0,4,0,0,0,0,0,0,0,0,0,0,0,0,0,1,0,0,0,0,0,0,1
131,150,0,0,0,0,6,0,0,0,0,0,0,0,0,0,0,0,0,0,1,0,0,0,0,0,0,1
132,150,0,0,0,0,0,0,0,0,0,0,0,0,0,0,0,0,0,0,1,0,0,0,0,0,0,1
133,350,0,0,160,30,1,567,1,0,0,0,0,0,0,1,0,0,0,0,0,1,0,1,0,0,0,0
134,285,1,0,255,0,1,0,0,0,1,0,0,0,0,0,1,0,0,0,0,1,0,0,0,0,0,1
135,285,1,0,390,0,1,0,0,0,1,0,0,0,0,0,0,1,0,0,0,1,0,0,0,0,0,1
136,180,0,0,60,0,1,0,0,1,0,0,0,0,0,0,0,0,0,0,0,1,0,0,0,0,0,1
137,50,0,1,0,105,1,138,0,0,0,0,0,0,0,0,0,0,0,0,1,0,0,0,0,0,1,0
138,150,0,0,0,0,1,0,0,0,0,0,0,0,0,0,0,0,0,0,1,0,0,0,0,0,0,1
139,350,0,0,150,30,2,771,1,0,0,0,0,0,0,0,0,1,0,0,0,1,0,1,0,0,0,0
140,265,0,1,340,120,2,146,0,0,0,0,0,0,0,0,0,0,1,0,0,1,0,0,1,0,0,0
141,265,0,1,60,15,2,75,0,0,0,0,0,0,0,0,0,0,1,0,0,1,0,0,0,0,1,0
142,280,0,1,445,120,2,195,0,0,0,0,0,0,1,0,0,0,1,0,0,1,0,1,0,0,0,0
143,180,0,0,120,0,2,0,0,1,0,0,0,0,0,0,0,0,1,0,0,1,0,0,0,0,0,1
144,50,0,1,0,240,2,31,0,0,0,0,0,0,0,0,0,0,0,0,1,0,0,1,0,0,0,0
145,265,0,1,180,90,3,139,0,0,0,0,0,0,0,0,0,0,1,0,0,1,0,0,1,0,0,0
146,180,0,1,265,0,3,0,0,1,0,0,0,0,0,0,0,1,0,0,0,1,0,0,0,0,0,1
147,50,0,1,0,120,3,237,0,1,0,0,0,0,0,0,0,0,0,0,1,0,0,1,0,0,0,0
148,265,0,1,480,120,4,588,0,0,0,0,0,0,0,0,0,0,0,0,0,1,0,0,1,0,0,0
149,265,0,1,330,90,4,0,0,0,0,0,0,0,0,0,0,0,1,0,0,1,0,0,0,0,1,0
150,280,0,1,45,90,4,0,0,0,0,0,0,0,1,0,0,0,0,0,0,1,0,1,0,0,0,0
151,250,0,1,120,0,5,0,0,0,0,0,0,0,0,0,0,0,0,0,0,1,0,0,0,0,0,1
152,180,0,0,165,0,6,0,0,1,0,0,0,0,0,0,0,0,1,0,0,1,0,0,0,0,0,1
153,265,0,1,200,110,0,150,0,0,0,0,0,0,0,0,0,0,1,0,0,1,0,0,1,0,0,0
154,265,0,1,390,90,0,139,0,0,0,0,0,0,0,0,0,0,0,0,0,1,0,0,0,0,1,0
155,180,0,0,90,0,0,0,0,1,0,0,0,0,0,0,0,0,0,0,0,1,0,0,0,0,0,1
156,1000,0,0,415,0,0,0,0,1,0,0,0,0,0,0,1,0,0,0,0,1,0,0,0,0,0,1
157,1000,0,0,415,0,0,0,0,1,0,0,0,0,0,0,0,0,0,0,1,0,0,0,0,0,0,1
158,350,0,0,120,20,1,96,1,0,0,0,0,0,0,0,0,1,0,0,0,1,0,0,0,0,0,0
159,265,0,1,90,15,1,244,0,0,0,0,0,0,0,0,0,0,0,0,0,1,0,0,0,0,1,0
160,280,0,1,30,120,1,170,0,0,0,0,0,0,1,0,0,0,0,0,0,1,0,1,0,0,0,0
161,50,0,1,0,180,1,1680,0,1,0,0,0,0,0,0,0,0,0,0,1,0,0,1,0,0,0,0
162,265,0,1,135,150,2,148,0,0,0,0,0,0,0,0,0,0,1,0,0,1,0,0,0,1,0,0
163,265,0,1,180,120,2,138,0,0,0,0,0,0,0,0,0,0,1,0,0,1,0,0,0,0,1,0
164,280,0,1,180,110,2,128,0,0,0,0,0,0,1,0,0,0,1,0,0,1,0,1,0,0,0,0
165,230,0,1,60,30,2,133,0,1,0,0,0,0,0,0,0,0,0,0,0,1,0,1,0,0,0,0
166,265,0,0,165,0,2,0,0,0,1,0,0,0,0,0,1,0,0,0,0,1,0,0,0,0,0,1
167,300,0,0,150,0,3,0,1,0,0,0,0,0,0,0,0,1,0,0,0,1,0,0,0,0,0,1
168,265,0,1,330,75,3,141,0,0,0,0,0,0,0,0,0,0,1,0,0,1,0,0,0,0,1,0
169,265,0,1,280,0,3,0,0,0,1,0,0,0,0,0,0,1,0,0,0,1,0,0,0,0,0,1
170,280,0,1,90,90,3,188,0,0,0,0,0,0,1,0,0,0,0,0,0,1,0,0,0,0,0,0
171,50,0,1,0,30,3,118,0,0,0,0,0,0,0,0,0,0,0,0,1,0,0,0,1,0,0,0
172,265,0,1,75,20,4,220,0,0,0,0,0,0,0,0,0,0,0,0,0,1,0,0,1,0,0,0
173,250,0,1,270,0,4,0,0,0,0,0,0,0,0,0,0,0,1,0,0,1,0,0,0,0,0,1
174,230,0,0,180,288,4,188,0,1,0,0,0,0,0,0,0,0,1,0,0,1,0,1,0,0,0,0
175,280,0,1,60,75,4,116,0,0,0,0,0,0,1,0,0,0,0,0,0,1,0,1,0,0,0,0
176,40,0,1,0,120,4,180,0,0,0,0,1,0,0,0,0,0,0,0,1,0,0,1,0,0,0,0
177,265,0,1,210,80,5,163,0,0,0,0,0,0,0,0,0,0,1,0,0,1,0,0,0,0,1,0
178,50,0,1,0,75,5,178,0,0,0,0,0,0,0,0,0,0,0,0,1,0,0,0,0,0,1,0
179,300,0,0,150,0,0,0,1,0,0,0,0,0,0,0,0,1,0,0,0,1,0,0,0,0,0,1
180,250,0,0,165,45,0,151,1,0,0,0,0,0,0,0,0,0,1,0,0,1,0,1,0,0,0,0
181,265,0,1,390,60,0,181,0,0,0,0,0,0,0,0,0,0,0,0,0,1,0,0,0,1,0,0
182,265,0,1,240,120,0,267,0,0,0,0,0,0,0,0,0,0,0,0,0,1,0,0,1,0,0,0
183,280,0,1,180,25,0,87,0,0,0,0,0,0,1,0,0,0,0,0,0,1,0,1,0,0,0,0
184,285,0,1,230,648,0,895,0,0,1,0,0,0,0,0,0,0,0,0,0,1,0,1,0,0,0,0
185,265,0,1,180,0,0,0,0,0,1,0,0,0,0,0,1,0,0,0,0,1,0,0,0,0,0,1
186,180,0,0,180,0,0,0,0,1,0,0,0,0,0,0,0,0,0,0,0,1,0,0,0,0,0,1
187,180,0,0,120,0,0,0,0,1,0,0,0,0,0,0,0,0,0,0,0,1,0,0,0,0,0,1
188,350,0,0,120,90,1,476,1,0,0,0,0,0,0,0,0,1,0,0,0,1,0,0,0,0,0,0
189,265,0,1,315,115,1,137,0,0,0,0,0,0,0,0,0,0,1,0,0,1,0,0,0,0,1,0
190,250,0,1,330,0,1,0,0,0,0,0,0,0,0,0,0,0,1,0,0,1,0,0,0,0,0,1
191,265,0,1,135,0,1,0,0,0,1,0,0,0,0,0,0,1,0,0,0,1,0,0,0,0,0,1
192,250,0,1,150,0,2,0,0,0,0,0,0,0,0,0,0,0,1,0,0,1,0,0,0,0,0,1
193,280,0,1,165,120,2,185,0,0,0,0,0,0,1,0,0,1,0,0,0,1,0,1,0,0,0,0
194,300,0,1,225,0,2,0,0,0,0,0,0,1,0,0,0,0,1,0,0,1,0,0,0,0,0,1
195,50,0,1,0,100,2,160,0,0,0,0,0,0,0,0,0,0,0,0,1,0,0,0,0,1,0,0
196,40,0,1,0,120,2,180,0,0,0,0,1,0,0,0,0,0,0,0,1,0,0,1,0,0,0,0
197,280,0,1,150,90,3,182,0,0,0,0,0,0,1,0,0,1,0,0,0,1,0,1,0,0,0,0
198,50,0,1,0,0,3,187,0,0,0,0,0,1,0,0,0,0,0,0,1,0,0,1,0,0,0,0
199,50,0,1,0,60,3,180,0,0,0,0,0,0,0,0,0,0,0,0,0,1,0,0,0,0,0,1
200,265,0,1,90,20,4,198,0,0,0,0,0,0,0,0,0,0,0,0,0,1,0,0,1,0,0,0
201,180,0,0,60,0,4,0,0,1,0,0,0,0,0,0,0,0,0,0,0,1,0,0,0,0,0,1
202,265,0,1,210,120,5,153,0,0,0,0,0,0,0,0,0,0,1,0,0,1,0,0,1,0,0,0
203,280,0,1,60,90,5,144,0,0,0,0,0,0,1,0,0,0,0,0,0,1,0,1,0,0,0,0
204,180,0,0,60,0,5,0,0,1,0,0,0,0,0,0,0,0,0,0,0,1,0,0,0,0,0,1
205,265,0,1,360,90,6,169,0,0,0,0,0,0,0,0,0,0,1,0,0,1,0,0,1,0,0,0
206,265,0,1,235,120,0,160,0,0,0,0,0,0,0,0,0,0,1,0,0,1,0,0,1,0,0,0
207,250,0,1,155,0,0,0,0,0,0,0,0,0,0,0,0,0,1,0,0,1,0,0,0,0,0,1
208,180,0,0,40,0,0,0,0,1,0,0,0,0,0,0,0,0,0,0,0,1,0,0,0,0,0,1
209,40,0,1,0,150,0,240,0,0,0,0,1,0,0,0,0,0,0,0,1,0,0,1,0,0,0,0
210,350,0,0,465,216,1,494,1,0,0,0,0,0,0,0,0,1,0,0,0,1,0,1,0,0,0,0
211,285,0,0,105,90,1,926,0,0,1,0,0,0,0,0,0,1,0,0,0,1,0,1,0,0,0,0
212,265,0,0,105,0,1,0,0,0,1,0,0,0,0,0,1,0,0,0,0,1,0,0,0,0,0,1
213,50,0,1,0,120,1,136,0,0,0,0,0,0,0,0,0,0,0,0,1,0,0,0,1,0,0,0
214,50,0,1,0,120,1,152,0,0,0,0,0,0,0,0,0,0,0,0,1,0,0,0,1,0,0,0
215,300,0,0,180,0,2,0,1,0,0,0,0,0,0,0,0,1,0,0,0,1,0,0,0,0,0,1
216,400,0,0,165,0,2,0,1,0,0,0,0,0,0,0,0,0,1,0,0,1,0,0,0,0,0,1
217,265,0,1,340,120,2,150,0,0,0,0,0,0,0,0,0,0,1,0,0,1,0,0,1,0,0,0
218,250,0,1,110,0,2,0,0,0,0,0,0,0,0,0,0,0,1,0,0,1,0,0,0,0,0,1
219,280,0,1,165,432,2,124,0,0,0,0,0,0,1,0,0,0,1,0,0,1,0,1,0,0,0,0
220,285,0,0,430,0,2,0,0,0,1,0,0,0,0,0,0,1,0,0,0,1,0,0,0,0,0,1
221,250,0,1,75,0,3,0,0,0,0,0,0,0,0,0,0,0,1,0,0,1,0,0,0,0,0,1
222,180,0,0,350,0,3,0,0,1,0,0,0,0,0,0,0,0,1,0,0,1,0,0,0,0,0,1
223,280,0,0,45,0,3,0,0,0,0,0,0,0,1,0,0,0,1,0,0,1,0,0,0,0,0,1
224,40,0,1,0,120,3,210,0,0,0,0,1,0,0,0,0,0,0,0,1,0,0,1,0,0,0,0
225,300,0,0,435,0,4,0,1,0,0,0,0,0,0,0,0,1,0,0,0,1,0,0,0,0,0,1
226,285,0,0,120,70,4,2318,0,0,1,0,0,0,0,0,0,1,0,0,0,1,0,1,0,0,0,0
227,50,0,0,0,30,4,219,1,0,0,0,0,0,0,0,0,0,0,0,1,0,0,1,0,0,0,0
228,400,0,0,240,30,5,688,1,0,0,0,0,0,0,0,0,1,0,0,0,1,0,1,0,0,0,0
229,265,0,1,60,20,5,143,0,0,0,0,0,0,0,0,0,0,0,0,0,1,0,0,0,0,1,0
230,250,0,1,330,0,5,0,0,0,0,0,0,0,0,0,0,0,1,0,0,1,0,0,0,0,0,1
231,250,0,1,230,0,6,0,0,0,0,0,0,0,0,0,0,0,1,0,0,1,0,0,0,0,0,1
232,180,0,0,90,0,6,0,0,1,0,0,0,0,0,0,0,0,0,0,0,1,0,0,0,0,0,1
233,280,0,1,160,30,6,109,0,0,0,0,0,0,1,0,0,0,1,0,0,1,0,0,0,0,0,0
234,50,0,0,0,0,6,0,0,0,1,0,0,0,0,0,0,0,0,0,1,0,0,1,0,0,0,0
235,350,0,0,465,70,0,665,1,0,0,0,0,0,0,0,0,1,0,0,0,1,0,1,0,0,0,0
236,250,0,1,425,0,0,0,0,0,0,0,0,0,0,0,0,0,0,0,0,1,0,0,0,0,0,1
237,250,0,1,360,0,0,0,0,0,0,0,0,0,0,0,0,0,1,0,0,1,0,0,0,0,0,1
238,180,0,0,120,0,0,0,0,1,0,0,0,0,0,0,0,0,1,0,0,1,0,0,0,0,0,1
239,285,0,0,255,60,0,563,0,0,1,0,0,0,0,0,0,1,0,0,0,1,0,1,0,0,0,0
240,285,0,0,150,40,0,2850,0,0,1,0,0,0,0,0,1,0,0,0,0,1,0,1,0,0,0,0
241,50,0,0,0,30,0,454,1,0,0,0,0,0,0,0,0,0,0,0,1,0,0,1,0,0,0,0
242,50,0,0,0,25,0,582,1,0,0,0,0,0,0,0,0,0,0,0,1,0,0,1,0,0,0,0
243,350,0,0,165,60,1,1357,1,0,0,0,0,0,0,0,0,1,0,0,0,1,0,1,0,0,0,0
244,50,0,0,0,150,1,240,0,1,0,0,0,0,0,0,0,0,0,0,1,0,0,1,0,0,0,0
245,50,0,1,0,120,1,168,0,0,0,0,0,0,0,0,0,0,0,0,1,0,0,0,1,0,0,0
246,50,0,0,0,30,1,353,1,0,0,0,0,0,0,0,0,0,0,0,1,0,0,1,0,0,0,0
247,350,0,0,120,30,2,528,1,0,0,0,0,0,0,0,0,0,0,0,0,1,0,1,0,0,0,0
248,400,0,0,210,30,2,810,1,0,0,0,0,0,0,0,0,0,1,0,0,1,0,1,0,0,0,0
249,265,0,1,225,90,2,161,0,0,0,0,0,0,0,0,0,0,1,0,0,1,0,0,0,0,1,0
250,250,0,1,360,0,2,0,0,0,0,0,0,0,0,0,0,0,1,0,0,1,0,0,0,0,0,1
251,280,0,1,90,30,2,71,0,0,0,0,0,0,1,0,0,0,1,0,0,1,0,1,0,0,0,0
252,265,0,1,150,0,2,0,0,0,1,0,0,0,0,0,1,0,0,0,0,1,0,0,0,0,0,1
253,50,0,1,0,120,2,157,0,0,0,0,0,0,0,0,0,0,0,0,1,0,0,0,1,0,0,0
254,40,0,1,0,120,2,195,0,0,0,0,1,0,0,0,0,0,0,0,1,0,0,1,0,0,0,0
255,350,0,0,75,432,3,60,1,0,0,0,0,0,0,0,0,1,0,0,0,1,0,1,0,0,0,0
256,250,0,1,360,0,3,0,0,0,0,0,0,0,0,0,0,0,1,0,0,1,0,0,0,0,0,1
257,285,0,1,240,120,3,131,0,0,1,0,0,0,0,0,0,1,0,0,0,1,0,0,0,0,0,0
258,350,0,0,180,60,4,552,1,0,0,0,0,0,0,0,0,1,0,0,0,1,0,1,0,0,0,0
259,250,0,1,120,0,4,0,0,0,0,0,0,0,0,0,0,0,1,0,0,1,0,0,0,0,0,1
260,630,1,0,225,0,4,0,0,0,0,0,0,0,1,0,0,0,1,0,0,1,0,0,0,0,0,1
261,180,0,0,90,0,5,0,0,1,0,0,0,0,0,0,0,0,0,0,0,1,0,0,0,0,0,1
262,50,0,1,0,210,5,0,0,0,0,0,0,0,0,0,0,0,0,0,1,0,0,0,0,0,0,1
263,265,0,1,180,1330,6,180,0,0,0,0,0,0,0,0,0,0,1,0,0,1,0,0,1,0,0,0
264,265,0,1,255,0,6,0,0,0,1,0,0,0,0,0,0,1,0,0,0,1,0,0,0,0,0,1
265,350,0,0,100,30,0,226,1,0,0,0,0,0,0,0,0,1,0,0,0,1,0,1,0,0,0,0
266,265,0,1,370,120,0,176,0,0,0,0,0,0,0,0,0,0,1,0,0,1,0,0,1,0,0,0
267,250,0,1,360,0,0,0,0,0,0,0,0,0,0,0,0,0,1,0,0,1,0,0,0,0,0,1
268,50,0,1,0,150,0,945,0,0,1,0,0,0,0,0,0,0,0,0,1,0,0,1,0,0,0,0
269,350,0,0,605,432,1,1127,1,0,0,0,0,0,0,0,0,0,1,0,0,1,0,1,0,0,0,0
270,250,0,1,120,0,1,0,0,0,0,0,0,0,0,0,0,0,1,0,0,1,0,0,0,0,0,1
271,100,0,1,385,0,1,0,0,0,0,0,0,0,0,0,0,0,1,0,1,0,0,0,0,0,0,1
272,285,0,0,315,0,1,0,0,0,1,0,0,0,0,0,0,0,0,0,0,1,0,0,0,0,0,1
273,230,0,0,360,120,1,213,0,1,0,0,0,0,0,0,0,0,1,0,0,1,0,1,0,0,0,0
274,300,0,1,270,120,1,0,0,0,0,0,0,1,0,0,0,0,1,0,0,1,0,0,0,0,0,1
275,100,0,1,390,0,2,0,0,0,0,0,0,0,0,0,0,0,1,0,0,1,0,0,0,0,0,1
276,280,0,1,75,75,2,177,0,0,0,0,0,0,1,0,0,0,1,0,0,1,0,1,0,0,0,0
277,230,0,0,210,30,2,138,0,1,0,0,0,0,0,0,0,0,0,0,0,1,0,1,0,0,0,0
278,285,1,1,435,0,2,124,0,0,1,0,0,0,0,0,0,1,0,0,0,1,0,1,0,0,0,0
279,40,0,0,0,90,2,180,0,0,0,0,1,0,0,0,0,0,0,0,1,0,0,1,0,0,0,0
280,250,0,1,185,0,3,0,0,0,0,0,0,0,0,0,0,0,1,0,0,1,0,0,0,0,0,1
281,40,0,1,0,135,4,188,0,0,0,0,1,0,0,0,0,0,0,0,1,0,0,1,0,0,0,0
282,265,0,1,150,100,5,141,0,0,0,0,0,0,0,0,0,0,1,0,0,1,0,0,1,0,0,0
283,250,0,1,300,0,5,0,0,0,0,0,0,0,0,0,0,0,1,0,0,1,0,0,0,0,0,1
284,280,0,1,180,110,5,203,0,0,0,0,0,0,1,0,0,0,1,0,0,1,0,1,0,0,0,0
285,265,0,1,240,95,0,160,0,0,0,0,0,0,0,0,0,0,1,0,0,1,0,0,0,0,1,0
286,265,0,1,210,0,0,0,0,0,0,0,0,0,0,0,0,0,1,0,0,1,0,0,0,0,0,1
287,280,0,1,185,0,0,0,0,0,0,0,0,0,1,0,0,0,1,0,0,1,0,0,0,0,0,1
288,265,0,1,120,0,0,0,0,0,1,0,0,0,0,0,0,1,0,0,0,1,0,0,0,0,0,1
289,650,0,1,1100,0,0,0,0,0,0,0,0,0,0,0,0,0,1,0,0,1,0,0,0,0,0,1
290,650,0,1,1100,0,0,0,0,0,0,0,0,0,0,0,0,0,1,0,0,1,0,0,0,0,0,1
291,40,0,1,0,120,0,0,0,0,0,0,1,0,0,0,0,0,0,0,1,0,0,0,0,0,0,0
292,265,0,1,400,105,1,0,0,0,0,0,0,0,0,0,0,0,1,0,0,1,0,0,1,0,0,0
293,265,0,1,180,90,1,0,0,0,0,0,0,0,0,0,0,0,1,0,0,1,0,0,1,0,0,0
294,180,0,0,40,0,1,0,0,1,0,0,0,0,0,0,0,0,0,0,0,1,0,0,0,0,0,1
295,250,0,1,300,0,2,0,0,0,0,0,0,0,0,0,0,0,1,0,0,1,0,0,0,0,0,1
296,285,0,0,210,30,2,0,0,0,1,0,0,0,0,0,0,1,0,0,0,1,0,1,0,0,0,0
297,50,0,1,0,90,2,0,0,0,0,0,0,0,0,0,0,0,0,0,1,0,0,0,0,0,1,0
298,250,0,1,200,0,3,0,0,0,0,0,0,0,0,0,0,1,0,0,0,1,0,0,0,0,0,1
299,280,0,1,120,105,3,0,0,0,0,0,0,0,1,0,0,0,1,0,0,1,0,1,0,0,0,0
300,265,0,1,180,100,4,0,0,0,0,0,0,0,0,0,0,0,1,0,0,1,0,0,0,0,1,0
301,285,0,1,120,120,4,0,0,0,1,0,0,0,0,0,0,1,0,0,0,1,0,1,0,0,0,0
302,50,0,1,0,30,4,0,0,0,1,0,0,0,0,0,0,0,0,0,1,0,0,1,0,0,0,0
303,265,0,1,230,105,5,0,0,0,0,0,0,0,0,0,0,0,0,0,0,1,0,0,1,0,0,0
304,180,0,0,60,0,5,0,0,1,0,0,0,0,0,0,0,0,0,0,0,1,0,0,0,0,0,1
305,265,0,1,210,120,6,0,0,0,0,0,0,0,0,0,0,0,1,0,0,1,0,0,1,0,0,0
306,265,0,1,185,120,6,0,0,0,0,0,0,0,0,0,0,1,0,0,1,0,0,0,1,0,0,0
307,280,0,1,70,0,6,139,0,0,0,0,0,0,1,0,0,0,0,0,1,0,0,1,0,0,0,0
308,300,0,1,480,0,6,0,0,0,0,0,0,1,0,0,0,0,1,0,0,1,0,0,0,0,0,1
309,180,0,0,150,0,6,0,0,1,0,0,0,0,0,0,0,0,0,0,0,1,0,0,0,0,0,1
310,350,0,0,165,0,0,0,1,0,0,0,0,0,0,0,0,0,0,0,0,1,0,0,0,0,0,1
311,265,0,1,360,110,0,162,0,0,0,0,0,0,0,0,1,0,0,0,0,1,0,0,0,0,1,0
312,280,0,1,150,60,0,0,0,0,0,0,0,0,1,0,0,1,0,0,0,1,0,1,0,0,0,0
313,180,0,0,30,0,0,0,0,1,0,0,0,0,0,0,0,0,0,0,0,1,0,0,0,0,0,1
314,50,0,1,0,0,0,177,0,0,0,0,0,1,0,0,0,0,0,0,1,0,0,1,0,0,0,0
315,250,0,1,270,0,1,0,0,0,0,0,0,0,0,0,0,0,1,0,0,1,0,0,0,0,0,1
316,250,0,1,435,0,1,0,0,0,0,0,0,0,0,0,0,0,1,0,0,1,0,0,0,0,0,1
317,265,0,1,360,120,2,166,0,0,0,0,0,0,0,0,1,0,0,0,0,1,0,0,0,0,1,0
318,180,0,0,120,0,2,0,0,1,0,0,0,0,0,0,0,0,0,0,0,1,0,0,0,0,0,1
319,50,0,1,0,0,2,0,0,0,0,0,0,0,0,0,0,0,0,0,1,0,0,0,0,0,0,1
320,40,0,1,0,105,2,0,0,0,0,0,1,0,0,0,0,0,0,0,1,0,0,0,0,0,0,0
321,350,0,0,120,60,3,615,1,0,0,0,0,0,0,0,1,0,0,0,0,1,0,0,0,0,0,0
322,265,0,1,180,15,3,0,0,0,0,0,0,0,0,0,0,0,1,0,0,1,0,0,0,0,1,0
323,50,0,1,0,115,3,0,0,0,0,0,0,0,0,0,0,0,0,0,1,0,0,0,0,0,1,0
324,300,0,0,90,0,4,0,1,0,0,0,0,0,0,0,0,0,1,0,0,1,0,0,0,0,0,1
325,265,0,1,435,90,4,0,0,0,0,0,0,0,0,0,0,0,1,0,0,1,0,0,0,0,1,0
326,180,0,0,100,0,4,0,0,1,0,0,0,0,0,0,0,0,0,0,0,1,0,0,0,0,0,1
327,250,0,1,220,0,5,0,0,0,0,0,0,0,0,0,0,0,1,0,0,1,0,0,0,0,0,1
328,180,0,0,60,0,5,0,0,1,0,0,0,0,0,0,0,0,0,0,0,1,0,0,0,0,0,1
329,180,0,0,110,0,6,0,0,1,0,0,0,0,0,0,0,0,0,0,0,1,0,0,0,0,0,1
330,50,0,1,0,90,6,185,0,0,0,0,0,0,0,0,0,0,0,0,1,0,0,0,1,0,0,0
331,350,0,0,300,0,0,804,1,0,0,0,0,0,0,0,0,0,1,0,0,1,0,1,0,0,0,0
332,250,0,1,555,0,0,0,0,0,0,0,0,0,0,0,0,0,0,0,0,1,0,0,0,0,0,1
333,265,0,1,405,0,0,0,0,0,1,0,0,0,0,0,1,0,0,0,0,1,0,0,0,0,0,1
334,50,0,0,0,30,0,377,1,0,0,0,0,0,0,0,0,0,0,0,1,0,0,1,0,0,0,0
335,265,0,1,240,90,1,155,0,0,0,0,0,0,0,0,0,0,1,0,0,1,0,0,1,0,0,0
336,250,0,1,555,0,1,0,0,0,0,0,0,0,0,0,0,1,0,0,0,1,0,0,0,0,0,1
337,180,0,0,60,0,1,0,0,1,0,0,0,0,0,0,0,0,0,0,0,1,0,0,0,0,0,1
338,50,0,0,0,0,1,147,0,0,1,0,0,0,0,0,0,0,0,0,1,0,0,1,0,0,0,0
339,265,0,1,75,30,2,132,0,0,0,0,0,0,0,0,0,0,1,0,0,1,0,0,1,0,0,0
340,250,0,0,330,0,2,0,0,0,0,0,0,0,0,0,0,1,0,0,0,1,0,0,0,0,0,1
341,300,0,1,280,0,2,0,0,0,0,0,0,1,0,0,0,0,1,0,0,1,0,0,0,0,0,1
342,265,0,1,180,432,2,313,0,0,1,0,0,0,0,0,0,0,0,0,0,1,0,1,0,0,0,0
343,265,0,1,180,20,2,840,0,0,1,0,0,0,0,0,0,0,0,0,0,1,0,0,0,0,0,0
344,50,0,1,0,30,2,0,0,0,0,0,0,0,0,0,0,0,0,0,1,0,0,0,0,0,0,1
345,40,0,1,0,120,2,216,0,0,0,0,1,0,0,0,0,0,0,0,1,0,0,0,0,0,0,0
346,150,0,0,959,0,2,0,0,0,0,0,0,0,0,0,0,0,0,0,1,0,0,0,0,0,0,1
347,265,0,1,330,360,3,0,0,0,0,0,0,0,0,0,0,0,1,0,0,1,0,0,0,0,0,1
348,250,0,1,420,0,3,0,0,0,0,0,0,0,0,0,0,1,0,0,0,1,0,0,0,0,0,1
349,180,0,0,360,0,3,0,0,1,0,0,0,0,0,0,1,0,0,0,0,1,0,0,0,0,0,1
350,50,0,1,0,648,3,170,0,0,0,0,0,1,0,0,0,0,0,0,1,0,0,1,0,0,0,0
351,250,0,1,800,0,4,0,0,0,0,0,0,0,0,0,0,0,1,0,0,1,0,0,0,0,0,1
352,250,0,1,360,0,4,0,0,0,0,0,0,0,0,0,0,1,0,0,0,1,0,0,0,0,0,1
353,280,0,1,120,0,4,0,0,0,0,0,0,0,1,0,0,0,1,0,0,1,0,0,0,0,0,1
354,180,0,0,60,0,4,0,0,1,0,0,0,0,0,0,0,0,0,0,0,1,0,0,0,0,0,1
355,50,0,1,0,420,4,0,0,0,0,0,0,0,0,0,0,0,0,0,1,0,0,0,0,0,0,1
356,250,0,1,150,0,5,0,0,0,0,0,0,0,0,0,0,0,1,0,0,1,0,0,0,0,0,1
357,180,0,0,100,0,6,0,0,1,0,0,0,0,0,0,0,0,1,0,0,1,0,0,0,0,0,1
358,50,0,1,0,120,6,153,0,0,0,0,0,0,0,0,0,0,0,0,1,0,0,0,1,0,0,0
359,250,0,1,210,0,0,0,0,0,0,0,0,0,0,0,0,0,1,0,0,1,0,0,0,0,0,1
360,250,0,1,105,0,0,0,0,0,0,0,0,0,0,0,0,0,1,0,0,1,0,0,0,0,0,1
361,280,0,1,90,20,0,70,0,0,0,0,0,0,1,0,0,0,1,0,0,1,0,1,0,0,0,0
362,50,0,0,0,216,0,209,0,1,0,0,0,0,0,0,0,0,0,0,1,0,0,1,0,0,0,0
363,50,0,1,0,100,0,164,0,0,0,0,0,0,0,0,0,0,0,0,1,0,0,0,1,0,0,0
364,50,0,1,0,120,0,1431,0,0,0,0,0,0,0,0,0,0,0,0,1,0,0,0,1,0,0,0
365,40,0,1,0,120,0,168,0,0,0,0,1,0,0,0,0,0,0,0,1,0,0,1,0,0,0,0
366,265,0,1,180,110,1,163,0,0,0,0,0,0,0,0,0,0,1,0,0,1,0,0,0,0,1,0
367,50,0,1,0,90,1,117,0,0,0,0,0,0,0,0,0,0,0,0,1,0,0,0,1,0,0,0
368,250,0,1,270,60,2,0,0,0,0,0,0,0,0,0,0,0,1,0,0,1,0,0,0,0,0,1
369,250,0,1,290,0,2,0,0,0,0,0,0,0,0,0,0,1,0,0,0,1,0,0,0,0,0,1
370,230,0,1,60,432,2,155,0,1,0,0,0,0,0,0,0,0,0,0,0,1,0,1,0,0,0,0
371,285,0,0,325,120,2,131,0,0,1,0,0,0,0,0,0,1,0,0,0,1,0,1,0,0,0,0
372,50,0,1,0,60,2,0,0,0,0,0,0,0,0,0,0,0,0,0,1,0,0,0,0,0,0,1
373,250,0,1,285,0,3,0,0,0,0,0,0,0,0,0,0,0,1,0,0,1,0,0,0,0,0,1
374,265,0,1,480,120,3,165,0,0,0,0,0,0,0,0,0,0,1,0,0,1,0,0,1,0,0,0
375,285,0,0,145,432,3,510,0,0,1,0,0,0,0,0,0,0,0,0,0,1,0,1,0,0,0,0
376,280,0,1,75,0,3,0,0,0,0,0,0,0,1,0,0,0,1,0,0,1,0,0,0,0,0,1
377,50,0,1,0,60,3,238,0,0,0,0,0,0,0,0,0,0,0,0,1,0,0,0,1,0,0,0
378,265,0,1,335,100,4,160,0,0,0,0,0,0,0,0,0,0,1,0,0,1,0,0,1,0,0,0
379,180,0,0,90,0,4,0,0,1,0,0,0,0,0,0,0,1,0,0,0,1,0,0,0,0,0,1
380,50,0,0,0,0,4,1005,1,0,0,0,0,0,0,0,0,0,0,0,1,0,0,1,0,0,0,0
381,50,0,0,0,432,4,150,0,0,1,0,0,0,0,0,0,0,0,0,1,0,0,1,0,0,0,0
382,50,0,1,0,70,4,164,0,0,0,0,0,0,1,0,0,0,0,0,1,0,0,0,0,0,0,0
383,265,0,1,330,120,5,152,0,0,0,0,0,0,0,0,0,0,1,0,0,1,0,0,0,0,1,0
384,180,0,0,60,0,5,0,0,1,0,0,0,0,0,0,0,0,0,0,0,1,0,0,0,0,0,1
385,280,0,1,135,120,5,150,0,0,0,0,0,0,1,0,0,0,1,0,0,1,0,1,0,0,0,0
386,250,0,1,240,0,6,0,0,0,0,0,0,0,0,0,0,0,1,0,0,1,0,0,0,0,0,1
387,250,0,1,75,0,6,131,0,0,0,0,0,0,0,0,0,0,1,0,0,1,0,0,0,1,0,0
388,50,0,1,0,60,6,378,0,0,0,0,0,0,1,0,0,0,0,0,1,0,0,1,0,0,0,0
389,265,0,1,240,30,0,111,0,0,0,0,0,0,0,0,0,0,1,0,0,1,0,0,0,0,1,0
390,250,0,1,115,0,0,0,0,0,0,0,0,0,0,0,0,0,1,0,0,1,0,0,0,0,0,1
391,50,0,1,0,85,0,137,0,0,0,0,0,0,0,0,0,0,0,0,1,0,0,0,0,0,1,0
392,50,0,1,0,120,0,179,0,0,0,0,0,0,0,0,0,0,0,0,1,0,0,0,1,0,0,0
393,350,0,0,120,432,1,197,1,0,0,0,0,0,0,0,0,0,1,0,0,1,0,1,0,0,0,0
394,265,0,1,330,95,1,157,0,0,0,0,0,0,0,0,0,0,1,0,0,1,0,0,0,0,1,0
395,750,1,1,410,0,1,0,0,0,0,0,0,0,0,0,0,0,1,0,0,1,0,0,0,0,0,1
396,180,0,0,60,0,1,0,0,1,0,0,0,0,0,0,0,0,0,0,0,1,0,0,0,0,0,1
397,265,0,1,300,90,2,145,0,0,0,0,0,0,0,0,0,0,1,0,0,1,0,0,1,0,0,0
398,250,0,1,210,0,2,0,0,0,0,0,0,0,0,0,0,0,1,0,0,1,0,0,0,0,0,1
399,180,0,0,60,0,2,0,0,1,0,0,0,0,0,0,0,0,0,0,0,1,0,0,0,0,0,1
400,50,0,1,0,100,2,155,0,0,0,0,0,0,0,0,0,0,0,0,1,0,0,0,1,0,0,0
401,50,0,1,0,150,2,189,0,0,0,0,0,0,0,0,0,0,0,0,1,0,0,0,1,0,0,0
402,250,0,1,135,0,3,0,0,0,0,0,0,0,0,0,0,0,1,0,0,1,0,0,0,0,0,1
403,265,0,1,390,20,3,100,0,0,0,0,0,0,0,0,0,0,1,0,0,1,0,0,0,0,1,0
404,285,1,1,525,120,3,137,0,0,1,0,0,0,0,0,1,0,0,0,0,1,0,1,0,0,0,0
405,50,0,1,0,15,3,172,0,0,0,0,0,0,0,0,0,0,0,0,1,0,0,0,0,0,1,0
406,265,0,1,75,120,4,155,0,0,0,0,0,0,0,0,0,0,1,0,0,1,0,0,0,0,1,0
407,250,0,1,270,0,4,0,0,0,0,0,0,0,0,0,0,0,1,0,0,1,0,0,0,0,0,1
408,250,0,1,460,0,5,0,0,0,0,0,0,0,0,0,0,0,1,0,0,1,0,0,0,0,0,1
409,180,0,0,60,0,5,0,0,1,0,0,0,0,0,0,0,0,0,0,0,1,0,0,0,0,0,1
410,280,0,1,270,70,5,197,0,0,0,0,0,0,1,0,0,0,1,0,0,1,0,1,0,0,0,0
411,180,0,0,60,0,6,0,0,1,0,0,0,0,0,0,0,0,0,0,0,1,0,0,0,0,0,1
412,300,0,0,105,0,1,0,1,0,0,0,0,0,0,0,0,1,0,0,0,1,0,0,0,0,0,1
413,265,0,1,380,90,1,156,0,0,0,0,0,0,0,0,0,0,1,0,0,1,0,0,1,0,0,0
414,250,0,1,90,0,1,0,0,0,0,0,0,0,0,0,0,0,1,0,0,1,0,0,0,0,0,1
415,265,0,1,90,0,1,0,0,0,1,0,0,0,0,0,1,0,0,0,0,1,0,0,0,0,0,1
416,180,0,0,60,0,1,0,0,1,0,0,0,0,0,0,0,0,0,0,0,1,0,0,0,0,0,1
417,50,0,1,0,240,1,0,0,0,0,0,0,0,0,0,0,0,0,0,1,0,0,0,0,0,0,1
418,50,0,0,0,216,1,152,0,0,1,0,0,0,0,0,0,0,0,0,1,0,0,1,0,0,0,0
419,300,0,0,205,0,2,0,1,0,0,0,0,0,0,0,0,1,0,0,0,1,0,0,0,0,0,1
420,265,0,1,60,15,2,184,0,0,0,0,0,0,0,0,0,0,0,0,0,1,0,0,1,0,0,0
421,180,0,0,240,0,2,0,0,1,0,0,0,0,0,0,0,0,1,0,0,1,0,0,0,0,0,1
422,50,0,0,0,216,2,131,0,0,1,0,0,0,0,0,0,0,0,0,1,0,0,1,0,0,0,0
423,50,0,1,0,240,2,0,0,0,0,0,0,0,0,0,0,0,0,0,1,0,0,0,0,0,0,1
424,50,0,1,0,120,2,133,0,0,0,0,0,0,0,0,0,0,0,0,1,0,0,0,0,0,1,0
425,350,0,0,240,60,3,270,1,0,0,0,0,0,0,0,0,1,0,0,0,1,0,1,0,0,0,0
426,280,0,0,215,0,3,0,0,0,0,0,0,0,1,0,0,0,1,0,0,1,0,0,0,0,0,1
427,265,0,1,120,0,3,0,0,0,1,0,0,0,0,0,0,0,1,0,0,1,0,0,0,0,0,1
428,50,0,1,0,150,3,0,0,0,0,0,0,0,0,0,0,0,0,0,1,0,0,0,0,0,0,1
429,300,0,0,260,0,4,0,1,0,0,0,0,0,0,0,0,1,0,0,0,1,0,0,0,0,0,1
430,900,0,0,265,0,4,0,0,0,0,0,0,0,0,0,1,0,0,0,0,1,0,0,0,0,0,1
431,1656,0,0,265,0,4,0,0,0,0,0,0,0,0,0,0,0,1,0,0,1,0,0,0,0,0,1
432,50,0,0,0,90,4,0,0,0,0,0,0,0,0,0,0,0,0,0,1,0,0,0,0,0,0,1
433,50,0,1,0,210,4,485,0,0,0,0,0,0,0,0,0,0,0,0,1,0,0,0,0,0,1,0
434,50,0,0,0,90,4,240,0,0,0,0,0,0,1,0,0,0,0,0,1,0,0,0,0,0,0,0
435,180,0,0,45,0,5,0,0,1,0,0,0,0,0,0,0,0,1,0,0,1,0,0,0,0,0,1
436,350,0,1,515,0,6,0,1,0,0,0,0,0,0,0,0,1,0,0,0,1,0,0,0,0,0,1
437,250,1,1,330,0,6,0,0,0,0,0,0,0,0,0,0,0,1,0,0,1,0,0,0,0,0,1
438,265,0,1,330,90,6,144,0,0,0,0,0,0,0,0,0,0,1,0,0,1,0,0,1,0,0,0
439,280,1,1,540,120,6,147,0,0,0,0,0,0,1,0,0,0,1,0,0,1,0,1,0,0,0,0
440,285,1,1,290,0,6,0,0,0,1,0,0,0,0,0,0,1,0,0,0,1,0,0,0,0,0,1
441,180,0,0,65,0,6,0,0,1,0,0,0,0,0,0,0,0,0,0,0,1,0,0,0,0,0,1
442,50,0,1,0,240,6,0,0,0,0,0,0,0,0,0,0,0,0,0,1,0,0,0,0,0,0,1
443,300,0,0,285,0,0,0,1,0,0,0,0,0,0,0,0,1,0,0,0,1,0,0,0,0,0,1
444,250,0,1,195,0,0,0,0,0,0,0,0,0,0,0,0,0,1,0,0,1,0,0,0,0,0,1
445,280,1,1,510,120,0,147,0,0,0,0,0,0,1,0,0,1,0,0,0,1,0,1,0,0,0,0
446,285,1,1,360,0,0,0,0,0,1,0,0,0,0,0,1,0,0,0,0,1,0,0,0,0,0,1
447,708,0,1,595,0,0,0,0,0,0,0,0,0,0,0,0,0,0,1,0,1,0,0,0,0,0,1
448,300,0,1,275,0,0,0,0,0,0,0,0,1,0,0,0,0,1,0,0,1,0,0,0,0,0,1
449,350,0,0,380,0,1,186,1,0,0,0,0,0,0,0,0,1,0,0,0,1,0,1,0,0,0,0
450,265,0,1,415,90,1,157,0,0,0,0,0,0,0,0,1,0,0,0,0,1,0,0,1,0,0,0
451,250,0,1,310,0,1,0,0,0,0,0,0,0,0,0,0,0,1,0,0,1,0,0,0,0,0,1
452,265,0,1,180,288,1,264,0,0,0,0,0,0,0,0,0,0,1,0,0,1,0,0,0,0,1,0
453,285,0,1,150,35,1,186,0,0,1,0,0,0,0,0,0,1,0,0,0,1,0,1,0,0,0,0
454,265,0,0,170,0,1,0,0,0,1,0,0,0,0,0,1,0,0,0,0,1,0,0,0,0,0,1
455,280,0,0,90,60,1,161,0,0,0,0,0,0,1,0,0,0,0,0,0,1,0,1,0,0,0,0
456,50,0,1,0,90,1,155,0,0,0,0,0,0,0,0,0,0,0,0,1,0,0,0,1,0,0,0
457,50,0,1,0,0,1,180,0,0,0,0,0,1,0,0,0,0,0,0,1,0,0,1,0,0,0,0
458,50,0,1,0,60,1,186,0,0,1,0,0,0,0,0,0,0,0,0,1,0,0,1,0,0,0,0
459,350,0,0,120,40,2,77,1,0,0,0,0,0,0,0,1,0,0,0,0,1,0,1,0,0,0,0
460,265,0,1,285,45,2,115,0,0,0,0,0,0,0,0,0,0,1,0,0,1,0,0,1,0,0,0
461,265,1,1,255,30,2,104,0,0,0,0,0,0,0,0,1,0,0,0,0,1,0,0,1,0,0,0
462,280,0,1,310,105,2,166,0,0,0,0,0,0,1,0,0,0,1,0,0,1,0,1,0,0,0,0
463,285,1,1,420,0,2,0,0,0,1,0,0,0,0,0,0,1,0,0,0,1,0,0,0,0,0,1
464,350,0,1,330,60,3,40,1,0,0,0,0,0,0,0,0,0,0,0,0,1,0,1,0,0,0,0
465,265,0,1,130,45,3,137,0,0,0,0,0,0,0,0,0,0,1,0,0,1,0,0,1,0,0,0
466,280,0,0,90,0,3,0,0,0,0,0,0,0,1,0,0,0,1,0,0,1,0,0,0,0,0,1
467,50,0,1,0,90,3,210,0,0,0,0,0,0,0,0,0,0,0,0,1,0,0,0,1,0,0,0
468,250,0,1,450,0,4,0,0,0,0,0,0,0,0,0,0,0,1,0,0,1,0,0,0,0,0,1
469,250,0,1,170,0,4,0,0,0,0,0,0,0,0,0,0,0,1,0,0,1,0,0,0,0,0,1
470,50,0,1,0,90,4,118,0,0,0,0,0,0,0,0,0,0,0,0,1,0,0,0,0,0,1,0
471,50,0,1,0,165,4,201,1,0,0,0,0,0,0,0,0,0,0,0,1,0,0,1,0,0,0,0
472,50,0,1,0,120,4,200,0,0,0,0,0,0,1,0,0,0,0,0,1,0,0,0,0,0,0,0
473,180,0,0,60,0,5,0,0,1,0,0,0,0,0,0,0,0,0,0,0,1,0,0,0,0,0,1
474,50,0,1,0,105,5,150,0,0,0,0,0,0,0,0,0,0,0,0,1,0,0,0,0,0,1,0
475,300,0,1,210,0,0,0,0,0,0,0,0,1,0,0,0,0,1,0,0,1,0,0,0,0,0,1
476,265,1,1,60,240,0,0,0,0,0,0,0,0,0,0,1,0,0,0,0,1,0,0,0,0,0,1
477,40,0,1,0,180,0,190,0,0,0,0,1,0,0,0,0,0,0,0,1,0,0,0,0,0,0,0
478,265,0,1,240,90,1,119,0,0,0,0,0,0,0,0,0,0,1,0,0,1,0,0,1,0,0,0
479,280,0,1,80,120,1,190,0,0,0,0,0,0,1,0,0,0,1,0,0,1,0,0,0,0,0,0
480,265,0,1,330,120,2,165,0,0,0,0,0,0,0,0,0,0,1,0,0,1,0,0,1,0,0,0
481,265,0,1,300,15,2,83,0,0,0,0,0,0,0,0,0,0,1,0,0,1,0,0,1,0,0,0
482,50,0,1,0,120,2,498,0,0,0,0,0,0,0,0,0,0,0,0,1,0,0,0,1,0,0,0
483,300,0,0,90,0,3,0,1,0,0,0,0,0,0,0,0,0,0,0,0,1,0,0,0,0,0,1
484,265,0,1,280,30,3,382,0,0,0,0,0,0,0,0,0,0,1,0,0,1,0,0,0,0,1,0
485,265,0,1,420,20,3,195,0,0,0,0,0,0,0,0,0,0,1,0,0,1,0,0,0,0,1,0
486,280,0,0,135,0,3,0,0,0,0,0,0,0,1,0,0,0,1,0,0,1,0,0,0,0,0,1
487,265,0,0,105,0,3,0,0,0,1,0,0,0,0,0,0,0,1,0,0,1,0,0,0,0,0,1
488,50,0,1,0,120,3,138,0,0,0,0,0,0,0,0,0,0,0,0,1,0,0,0,0,0,1,0
489,50,0,1,0,135,3,174,0,0,0,0,0,1,0,0,0,0,0,0,1,0,0,1,0,0,0,0
490,265,0,1,185,120,4,146,0,0,0,0,0,0,0,0,0,0,1,0,0,1,0,0,0,0,1,0
491,265,0,1,530,25,4,80,0,0,0,0,0,0,0,0,0,0,0,0,0,1,0,0,0,0,1,0
492,285,0,1,270,40,4,498,0,0,1,0,0,0,0,0,0,1,0,0,0,1,0,1,0,0,0,0
493,180,0,0,60,0,4,0,0,1,0,0,0,0,0,0,0,0,0,0,0,1,0,0,0,0,0,1
494,50,0,1,0,30,4,104,0,0,0,0,0,0,0,0,0,0,0,0,1,0,0,0,0,0,1,0
495,50,0,0,0,20,4,106,0,0,1,0,0,0,0,0,0,0,0,0,1,0,0,1,0,0,0,0
496,50,0,1,0,120,4,179,0,0,0,0,0,0,1,0,0,0,0,0,1,0,0,1,0,0,0,0
497,40,0,1,0,105,4,183,0,0,0,0,1,0,0,0,0,0,0,0,1,0,0,0,0,0,0,0
498,250,0,1,490,0,5,0,0,0,0,0,0,0,0,0,0,0,1,0,0,1,0,0,0,0,0,1
499,250,0,1,430,0,5,0,0,0,0,0,0,0,0,0,0,0,1,0,0,1,0,0,0,0,0,1
500,280,0,1,245,120,5,231,0,0,0,0,0,0,1,0,0,0,1,0,0,1,0,1,0,0,0,0
501,265,0,0,180,0,5,0,0,0,1,0,0,0,0,0,0,1,0,0,0,1,0,0,0,0,0,1
502,50,0,1,0,90,5,266,0,0,0,0,0,0,0,0,0,0,0,0,1,0,0,0,0,0,1,0
503,265,0,1,470,90,6,135,0,0,0,0,0,0,0,0,0,0,0,0,0,1,0,0,1,0,0,0
504,265,0,1,450,60,6,821,0,0,0,0,0,0,0,0,0,0,1,0,0,1,0,0,1,0,0,0
505,280,0,1,335,0,6,177,0,0,0,0,0,0,1,0,0,0,1,0,0,1,0,1,0,0,0,0
506,285,0,1,450,120,6,139,0,0,1,0,0,0,0,0,0,0,1,0,0,1,0,1,0,0,0,0
507,180,0,0,390,0,6,0,0,1,0,0,0,0,0,1,0,0,0,0,0,1,0,0,0,0,0,1
508,50,0,1,0,120,6,139,0,0,1,0,0,0,0,0,0,0,0,0,1,0,0,1,0,0,0,0
509,50,0,1,0,90,6,160,0,0,0,0,0,0,0,0,0,0,0,0,1,0,0,0,1,0,0,0
510,40,0,1,0,120,6,185,0,0,0,0,1,0,0,0,0,0,0,0,1,0,0,0,0,0,0,0
511,265,0,0,0,0,6,0,0,0,1,0,0,0,0,0,0,0,0,0,1,0,0,0,0,0,0,1
512,300,0,0,180,0,0,0,1,0,0,0,0,0,0,0,0,1,0,0,0,1,0,0,0,0,0,1
513,250,0,1,100,0,0,0,0,0,0,0,0,0,0,0,0,0,1,0,0,1,0,0,0,0,0,1
514,250,0,1,390,0,0,0,0,0,0,0,0,0,0,0,0,0,1,0,0,1,0,0,0,0,0,1
515,265,0,0,150,0,0,0,0,0,1,0,0,0,0,0,0,1,0,0,0,1,0,0,0,0,0,1
516,285,0,0,150,270,0,712,0,0,1,0,0,0,0,0,0,1,0,0,0,1,0,1,0,0,0,0
517,280,0,0,90,0,0,130,0,0,0,0,0,0,1,0,0,0,0,0,0,1,0,1,0,0,0,0
518,50,0,1,0,150,0,178,0,0,0,0,0,0,0,0,0,0,0,0,1,0,0,0,0,0,1,0
519,50,0,1,0,180,0,1545,0,0,0,0,0,0,0,0,0,0,0,0,1,0,0,0,1,0,0,0
520,250,0,1,325,0,1,0,0,0,0,0,0,0,0,0,0,0,1,0,0,1,0,0,0,0,0,1
521,265,0,1,290,120,1,165,0,0,0,0,0,0,0,0,0,0,1,0,0,1,0,0,0,0,1,0
522,285,0,1,240,0,1,0,0,0,1,0,0,0,0,0,0,1,0,0,0,1,0,0,0,0,0,1
523,300,0,1,340,0,1,0,0,0,0,0,0,1,0,0,0,0,1,0,0,1,0,0,0,0,0,1
524,180,0,0,90,0,1,0,0,1,0,0,0,0,0,0,0,0,0,0,0,1,0,0,0,0,0,1
525,280,0,1,210,120,1,171,0,0,0,0,0,0,1,0,0,0,0,0,0,1,0,1,0,0,0,0
526,265,0,1,370,120,2,1194,0,0,0,0,0,0,0,0,0,0,1,0,1,0,0,0,1,0,0,0
527,250,0,1,330,0,2,0,0,0,0,0,0,0,0,0,0,0,1,0,1,0,0,0,0,0,0,1
528,285,0,0,0,432,2,202,0,0,1,0,0,0,0,0,0,0,0,0,1,0,0,1,0,0,0,0
529,180,0,0,60,0,2,0,0,1,0,0,0,0,0,0,0,0,0,0,1,0,0,0,0,0,0,1
530,50,0,1,0,120,2,174,0,0,0,0,0,1,0,0,0,0,0,0,1,0,0,1,0,0,0,0
531,50,0,1,0,240,2,202,0,0,1,0,0,0,0,0,0,0,0,0,1,0,0,0,0,0,0,1
532,50,0,1,0,50,2,194,0,0,1,0,0,0,0,0,0,0,0,0,1,0,0,0,0,0,0,1
533,265,0,1,120,120,3,146,0,0,0,0,0,0,0,0,0,0,1,0,0,1,0,0,1,0,0,0
534,265,0,1,332,30,3,306,0,0,0,0,0,0,0,0,0,0,1,0,0,1,0,0,0,0,1,0
535,285,0,1,360,432,3,164,0,0,1,0,0,0,0,0,1,0,0,0,0,1,0,1,0,0,0,0
536,285,0,0,255,432,3,404,0,0,1,0,0,0,0,0,0,1,0,0,0,1,0,1,0,0,0,0
537,50,0,1,0,90,3,1157,0,0,0,0,0,0,0,0,0,0,0,0,1,0,0,0,0,0,1,0
538,50,0,1,0,90,3,137,0,0,0,0,0,0,0,0,0,0,0,0,1,0,0,0,1,0,0,0
539,265,0,1,325,90,4,144,0,0,0,0,0,0,0,0,0,0,1,0,0,1,0,0,1,0,0,0
540,180,0,0,325,0,4,0,0,1,0,0,0,0,0,0,0,0,1,0,0,1,0,0,0,0,0,1
541,280,0,1,135,70,4,166,0,0,0,0,0,0,1,1,0,0,0,0,0,1,0,1,0,0,0,0
542,285,0,1,185,75,4,125,0,0,1,0,0,0,0,0,1,0,0,0,0,1,0,1,0,0,0,0
543,285,0,1,125,50,4,390,0,0,1,0,0,0,0,0,1,0,0,0,0,1,0,1,0,0,0,0
544,265,0,1,360,120,4,166,0,0,1,0,0,0,0,0,0,1,0,0,0,1,0,1,0,0,0,0
545,50,0,1,0,90,4,126,0,0,0,0,0,0,0,0,0,0,0,0,1,0,0,0,1,0,0,0
546,50,0,1,0,15,4,190,0,0,0,0,0,0,0,0,0,0,0,0,1,0,0,0,1,0,0,0
547,180,0,0,60,0,5,0,0,1,0,0,0,0,0,0,0,0,1,0,0,1,0,0,0,0,0,1
548,280,0,1,230,90,5,140,0,0,0,0,0,0,1,0,0,0,1,0,0,1,0,1,0,0,0,0
549,325,1,1,570,0,5,0,0,0,1,0,0,0,0,0,0,1,0,0,0,1,0,0,0,0,0,1
550,400,0,0,0,0,5,0,0,0,0,0,0,0,0,0,0,0,0,0,0,1,0,0,0,0,0,1
551,400,0,0,1350,0,6,0,1,0,0,0,0,0,0,0,0,0,0,0,0,1,0,0,0,0,0,1
552,400,0,0,975,0,6,0,1,0,0,0,0,0,0,0,0,0,0,0,0,1,0,0,0,0,0,1
553,400,1,1,980,0,6,0,0,0,0,0,0,0,0,0,0,0,1,0,0,1,0,0,0,0,0,1
554,399,1,1,810,0,6,0,0,0,0,0,0,0,0,0,0,0,1,0,0,1,0,0,0,0,0,1
555,667,1,1,950,0,6,0,0,0,0,0,0,0,0,0,0,0,1,0,0,1,0,0,0,0,0,1
556,565,1,1,1005,0,6,0,0,0,1,0,0,0,0,0,1,0,0,0,0,1,0,0,0,0,0,1
557,430,0,1,915,60,6,468,0,0,1,0,0,0,0,1,0,0,0,0,0,1,0,1,0,0,0,0
558,325,1,0,165,0,6,0,0,0,1,0,0,0,0,0,0,1,0,0,0,1,0,0,0,0,0,1
559,630,1,1,975,0,6,0,0,0,0,0,0,0,1,1,0,0,0,0,0,1,0,0,0,0,0,1
560,365,0,1,785,60,6,156,0,0,0,0,0,0,1,0,0,0,0,0,0,1,0,0,0,0,0,0
561,150,1,0,300,0,6,0,0,0,0,0,0,0,0,0,0,0,0,0,0,1,0,0,0,0,0,1
562,180,0,0,85,0,6,0,0,1,0,0,0,0,0,0,0,0,0,1,0,1,0,0,0,0,0,1
563,400,0,0,0,90,6,720,1,0,0,0,0,0,0,0,0,0,0,0,0,1,0,1,0,0,0,0
564,350,0,0,245,25,0,79,1,0,0,0,0,0,0,1,0,0,0,0,0,1,0,0,1,0,0,0
565,265,0,1,370,120,0,160,0,0,0,0,0,0,0,0,0,0,1,0,0,1,0,0,1,0,0,0
566,280,0,1,60,105,0,146,0,0,0,0,0,0,1,0,0,0,0,0,0,1,0,1,0,0,0,0
567,180,0,0,640,0,0,0,0,1,0,0,0,0,0,0,0,0,1,0,0,1,0,0,0,0,0,1
568,180,0,0,150,0,0,0,0,1,0,0,0,0,0,1,0,0,0,0,0,1,0,0,0,0,0,1
569,285,1,1,420,0,0,0,0,0,1,0,0,0,0,0,1,0,0,0,0,0,0,0,0,0,0,1
570,325,1,0,165,0,0,0,0,0,1,0,0,0,0,0,0,1,0,0,0,1,0,0,0,0,0,1
571,285,1,0,1200,0,0,0,0,0,1,0,0,0,0,1,0,0,0,0,0,1,0,0,0,0,0,1
572,1000,0,1,355,0,0,0,0,0,0,0,0,0,0,0,0,0,0,1,0,1,0,0,0,0,0,1
573,350,0,0,300,20,1,415,1,0,0,0,0,0,0,0,0,1,0,0,0,0,0,1,0,0,0,0
574,265,0,1,450,90,1,123,0,0,0,0,0,0,0,0,0,0,1,0,0,0,0,0,1,0,0,0
575,280,0,1,370,80,1,141,0,0,0,0,0,0,1,0,0,0,0,0,0,0,0,1,0,0,0,0
576,180,0,0,75,0,1,0,0,1,0,0,0,0,0,0,0,0,0,0,0,0,0,0,0,0,0,1
577,300,0,0,50,105,1,160,0,0,0,0,0,1,0,0,0,1,0,0,0,0,0,1,0,0,0,0
578,285,1,0,105,0,1,0,0,0,1,0,0,0,0,0,0,0,1,0,0,0,0,0,0,0,0,1
579,350,0,0,180,120,2,0,1,0,0,0,0,0,0,0,0,1,0,0,0,0,0,0,0,0,0,1
580,265,0,1,60,20,2,185,0,0,0,0,0,0,0,0,1,0,0,0,0,0,0,0,1,0,0,0
581,280,0,1,60,80,2,134,0,0,0,0,0,0,1,0,0,0,0,0,0,0,0,1,0,0,0,0
582,180,0,0,60,0,2,0,0,1,0,0,0,0,0,0,0,0,0,0,0,0,0,0,0,0,0,1
583,285,1,0,210,0,2,0,0,0,1,0,0,0,0,0,1,0,0,0,0,0,0,0,0,0,0,1
584,350,0,0,445,35,3,128,1,0,0,0,0,0,0,0,0,1,0,0,0,0,0,1,0,0,0,0
585,265,0,1,260,100,3,168,0,0,0,0,0,0,0,0,0,0,1,0,0,0,0,0,1,0,0,0
586,180,0,0,60,0,3,0,0,1,0,0,0,0,0,0,0,0,0,0,0,0,0,0,0,0,0,1
587,50,0,1,0,90,3,182,0,0,1,0,0,0,0,0,0,0,0,0,1,0,0,0,0,0,0,0
588,40,0,1,0,144,3,178,0,0,0,0,1,0,0,0,0,0,0,0,1,0,0,1,0,0,0,0
589,350,0,0,125,30,4,123,1,0,0,0,0,0,0,0,0,1,0,0,0,0,0,1,0,0,0,0
590,265,0,1,105,120,4,172,0,0,0,0,0,0,0,0,0,0,1,0,0,0,0,0,1,0,0,0
591,280,0,0,60,105,4,141,0,0,0,0,0,0,1,0,0,0,0,0,0,0,0,1,0,0,0,0
592,265,0,1,330,120,5,151,0,0,0,0,0,0,0,0,0,0,1,0,0,0,0,0,1,0,0,0
593,250,0,1,200,0,5,0,0,0,0,0,0,0,0,0,0,0,1,0,0,0,0,0,0,0,0,1
594,180,0,0,60,0,5,0,0,1,0,0,0,0,0,0,0,0,0,0,0,0,0,0,0,0,0,1
595,180,0,0,50,0,6,0,0,1,0,0,0,0,0,0,0,0,0,0,0,0,0,0,0,0,0,1
596,350,0,0,305,60,0,1976,1,0,0,0,0,0,0,0,0,0,0,0,0,0,0,1,0,0,0,0
597,265,0,1,60,35,0,114,0,0,0,0,0,0,0,0,0,0,1,0,0,0,0,0,0,0,1,0
598,285,0,0,345,45,0,462,0,0,1,0,0,0,0,0,0,1,0,0,0,0,0,1,0,0,0,0
599,50,0,1,0,60,0,130,0,0,0,0,0,0,0,0,0,0,0,0,1,0,0,0,0,0,1,0
600,50,0,0,0,60,0,359,1,0,0,0,0,0,0,0,0,0,0,0,1,0,0,1,0,0,0,0
601,350,0,0,515,30,1,324,1,0,0,0,0,0,0,0,0,1,0,0,0,0,0,1,0,0,0,0
602,250,0,1,120,0,1,0,0,0,0,0,0,0,0,0,0,0,1,0,0,0,0,0,0,0,0,1
603,250,0,1,390,0,1,0,0,0,0,0,0,0,0,0,0,0,1,0,0,0,0,0,0,0,0,1
604,285,0,0,345,0,1,0,0,0,1,0,0,0,0,0,0,1,0,0,0,0,0,0,0,0,0,1
605,50,0,0,0,30,1,398,1,0,0,0,0,0,0,0,0,0,0,0,1,0,0,1,0,0,0,0
606,40,0,1,0,90,1,191,0,0,0,0,1,0,0,0,0,0,0,0,1,0,0,0,0,0,0,0
607,350,0,1,90,135,2,251,1,0,0,0,0,0,0,0,0,1,0,0,0,0,0,1,0,0,0,0
608,250,0,1,450,0,2,0,0,0,0,0,0,0,0,0,0,0,1,0,0,0,0,0,0,0,0,1
609,285,0,1,145,120,2,147,0,0,1,0,0,0,0,0,0,1,0,0,0,0,0,1,0,0,0,0
610,50,0,1,0,120,2,150,0,0,0,0,0,0,0,0,0,0,0,0,1,0,0,0,1,0,0,0
611,350,0,0,100,60,3,601,1,0,0,0,0,0,0,0,0,0,0,0,0,0,0,1,0,0,0,0
612,265,0,1,80,45,3,180,0,0,0,0,0,0,0,0,0,0,0,0,0,0,0,0,1,0,0,0
613,265,0,1,140,90,3,136,0,0,0,0,0,0,0,0,0,0,1,0,0,0,0,0,1,0,0,0
614,280,0,1,450,432,3,136,0,0,0,0,0,0,1,0,0,0,1,0,0,0,0,1,0,0,0,0
615,50,0,0,0,60,3,358,1,0,0,0,0,0,0,0,0,0,0,0,1,0,0,1,0,0,0,0
616,350,0,0,120,0,4,0,1,0,0,0,0,0,0,0,0,1,0,0,0,0,0,0,0,0,0,1
617,265,0,1,75,15,4,188,0,0,0,0,0,0,0,0,0,0,0,0,0,0,0,0,0,0,1,0
618,50,0,1,0,120,4,161,0,0,0,0,0,0,0,0,0,0,0,0,1,0,0,0,0,0,1,0
619,50,0,1,0,432,4,136,0,0,0,0,0,0,1,0,0,0,0,0,1,0,0,1,0,0,0,0
620,265,0,1,285,120,5,159,0,0,0,0,0,0,0,0,0,0,1,0,0,0,0,0,0,0,1,0
621,250,0,1,260,0,6,0,0,0,0,0,0,0,0,0,0,0,1,0,0,0,0,0,0,0,0,1
622,265,0,1,135,120,6,152,0,0,0,0,0,0,0,0,0,0,1,0,0,0,0,0,1,0,0,0
623,250,0,1,420,0,0,0,0,0,0,0,0,0,0,0,0,0,1,0,0,0,0,0,0,0,0,1
624,265,0,1,270,120,0,172,0,0,0,0,0,0,0,0,0,0,1,0,0,0,0,0,1,0,0,0
625,300,0,1,415,0,0,0,0,0,0,0,0,1,0,0,0,0,1,0,0,0,0,0,0,0,0,1
626,50,0,0,0,120,0,795,1,0,0,0,0,0,0,0,0,0,0,0,1,0,0,1,0,0,0,0
627,350,0,0,360,180,1,700,1,0,0,0,0,0,0,0,0,0,0,0,0,0,0,0,0,0,0,0
628,750,1,1,340,0,1,0,0,0,0,0,0,0,0,0,0,0,0,0,0,0,0,0,0,0,0,1
629,265,0,1,210,120,1,150,0,0,0,0,0,0,0,0,0,0,0,0,0,0,0,0,1,0,0,0
630,750,1,0,135,0,1,0,0,0,0,0,0,0,0,0,0,0,1,0,0,0,0,0,0,0,0,1
631,280,0,1,330,120,1,181,0,0,0,0,0,0,1,0,0,0,0,0,0,0,0,1,0,0,0,0
632,285,1,1,420,0,1,0,0,0,1,0,0,0,0,0,1,0,0,0,0,0,0,0,0,0,0,1
633,40,0,1,0,120,1,167,0,0,0,0,1,0,0,0,0,0,0,0,1,0,0,1,0,0,0,0
634,50,0,0,0,216,1,185,0,0,0,0,0,1,0,0,0,0,0,0,1,0,0,1,0,0,0,0
635,350,0,0,300,60,2,564,1,0,0,0,0,0,0,0,0,1,0,0,0,0,0,0,0,0,0,0
636,180,0,0,50,0,2,0,0,1,0,0,0,0,0,0,0,0,0,0,0,0,0,0,0,0,0,1
637,285,0,0,380,0,2,0,0,0,1,0,0,0,0,0,0,1,0,0,0,0,0,0,0,0,0,1
638,50,0,1,0,80,2,154,0,0,0,0,0,0,0,0,0,0,0,0,1,0,0,0,0,0,1,0
639,50,0,0,0,60,2,388,1,0,0,0,0,0,0,0,0,0,0,0,1,0,0,0,0,0,0,0
640,265,0,1,135,90,3,156,0,0,0,0,0,0,0,0,0,0,1,0,0,0,0,0,0,0,1,0
641,250,0,1,210,0,3,0,0,0,0,0,0,0,0,0,0,0,1,0,0,0,0,0,0,0,0,1
642,285,0,0,135,90,3,1749,0,0,1,0,0,0,0,0,0,1,0,0,0,0,0,0,0,0,0,0
643,630,1,0,320,0,3,0,0,0,0,0,0,0,1,0,0,0,1,0,0,0,0,0,0,0,0,1
644,350,0,0,125,60,4,732,1,0,0,0,0,0,0,0,0,0,0,0,0,0,0,1,0,0,0,0
645,265,0,1,120,110,4,142,0,0,0,0,0,0,0,0,0,0,1,0,0,0,0,0,0,0,1,0
646,250,0,1,120,0,4,0,0,0,0,0,0,0,0,0,0,0,1,0,0,0,0,0,0,0,0,1
647,280,0,1,120,0,4,0,0,0,0,0,0,0,1,0,0,0,1,0,0,0,0,0,0,0,0,1
648,265,0,1,480,25,5,156,0,0,0,0,0,0,0,0,0,0,1,0,0,0,0,0,0,0,1,0
649,325,1,0,245,0,5,0,0,0,1,0,0,0,0,0,0,1,0,0,0,0,0,0,0,0,0,1
650,280,0,1,60,105,5,219,0,0,0,0,0,0,1,0,0,0,0,0,0,0,0,1,0,0,0,0
651,50,0,1,0,80,5,244,0,0,0,0,0,0,0,0,0,0,0,0,1,0,0,0,0,0,1,0
652,265,0,1,70,120,6,135,0,0,0,0,0,0,0,0,0,0,0,0,0,0,0,0,0,0,1,0
653,250,0,1,70,0,6,0,0,0,0,0,0,0,0,0,0,0,0,0,0,0,0,0,0,0,0,1
654,265,0,1,360,100,0,0,0,0,0,0,0,0,0,0,0,0,1,0,0,0,0,0,1,0,0,0
655,265,0,1,240,90,0,0,0,0,0,0,0,0,0,0,0,0,0,0,0,0,0,0,1,0,0,0
656,180,0,0,75,0,0,0,0,1,0,0,0,0,0,0,0,0,0,0,0,0,0,0,0,0,0,1
657,280,0,1,130,0,0,135,0,0,0,0,0,0,1,0,0,1,0,0,0,0,0,1,0,0,0,0
658,285,0,1,90,60,0,0,0,0,1,0,0,0,0,0,0,1,0,0,0,0,0,1,0,0,0,0
659,50,0,1,0,120,0,0,0,0,1,0,0,0,0,0,0,0,0,0,1,0,0,1,0,0,0,0
660,265,0,1,190,60,1,480,0,0,0,0,0,0,0,0,0,0,1,0,0,0,0,0,0,0,1,0
661,180,0,0,150,0,1,0,0,1,0,0,0,0,0,0,0,0,0,0,0,0,0,0,0,0,0,1
662,50,0,1,0,120,1,159,0,0,0,0,0,0,0,0,0,0,0,0,1,0,0,0,1,0,0,0
663,265,0,1,140,0,2,0,0,0,0,0,0,0,0,0,0,0,1,0,0,0,0,0,0,0,0,1
664,180,0,0,60,0,2,0,0,1,0,0,0,0,0,0,0,0,0,0,0,0,0,0,0,0,0,1
665,50,0,1,0,80,2,145,0,0,0,0,0,0,0,0,0,0,0,0,1,0,0,0,1,0,0,0
666,40,0,1,0,105,2,189,0,0,0,0,1,0,0,0,0,0,0,0,1,0,0,1,0,0,0,0
667,265,0,1,330,110,3,142,0,0,0,0,0,0,0,0,0,0,1,0,0,0,0,0,0,0,1,0
668,265,0,1,225,0,3,0,0,0,1,0,0,0,0,0,0,1,0,0,0,0,0,0,0,0,0,1
669,350,0,0,160,30,4,376,1,0,0,0,0,0,0,0,0,1,0,0,0,0,0,1,0,0,0,0
670,265,0,1,330,20,4,166,0,0,0,0,0,0,0,0,0,0,1,0,0,0,0,0,0,0,1,0
671,50,0,1,0,60,4,1215,0,0,1,0,0,0,0,0,0,0,0,0,1,0,0,1,0,0,0,0
672,265,0,1,385,60,5,161,0,0,0,0,0,0,0,0,0,0,1,0,0,0,0,0,0,0,1,0
673,265,0,1,300,115,5,150,0,0,0,0,0,0,0,0,0,0,1,0,0,0,0,0,0,0,1,0
674,325,1,1,1090,0,5,0,0,0,1,0,0,0,0,0,1,0,0,0,0,0,0,0,0,0,0,1
675,310,1,1,435,90,5,198,0,0,0,0,0,0,1,0,0,0,1,0,0,0,0,1,0,0,0,0
676,280,0,1,210,80,5,204,0,0,0,0,0,0,1,1,0,0,0,0,0,0,0,1,0,0,0,0
677,180,0,0,100,0,6,0,0,1,0,0,0,0,0,0,0,0,0,0,0,0,0,0,0,0,0,1
678,300,0,0,275,0,0,0,1,0,0,0,0,0,0,0,0,1,0,0,0,0,0,0,0,0,0,1
679,265,0,1,175,120,0,155,0,0,0,0,0,0,0,0,0,0,1,0,0,0,0,0,1,0,0,0
680,230,0,1,90,30,0,286,0,1,0,0,0,0,0,0,0,0,0,0,0,0,0,1,0,0,0,0
681,180,0,0,165,0,0,0,0,1,0,0,0,0,0,0,0,0,1,0,0,0,0,0,0,0,0,1
682,280,0,1,150,120,0,185,0,0,0,0,0,0,1,0,0,0,0,0,0,0,0,1,0,0,0,0
683,285,0,1,140,20,0,332,0,0,1,0,0,0,0,0,1,0,0,0,0,0,0,1,0,0,0,0
684,50,0,1,0,120,0,152,0,0,0,0,0,0,0,0,0,0,0,0,1,0,0,0,1,0,0,0
685,300,0,0,480,0,1,0,1,0,0,0,0,0,0,0,0,1,0,0,0,0,0,0,0,0,0,1
686,265,0,1,120,90,1,133,0,0,0,0,0,0,0,0,0,0,1,0,0,0,0,0,1,0,0,0
687,265,0,1,170,110,1,155,0,0,0,0,0,0,0,0,0,0,1,0,0,0,0,0,1,0,0,0
688,280,0,1,420,60,1,164,0,0,0,0,0,0,1,1,0,0,0,0,0,0,0,1,0,0,0,0
689,285,0,1,345,60,1,100,0,0,1,0,0,0,0,0,0,1,0,0,0,0,0,1,0,0,0,0
690,180,0,0,90,0,1,0,0,1,0,0,0,0,0,0,0,0,0,0,0,0,0,0,0,0,0,1
691,40,0,1,0,90,1,165,0,0,0,0,1,0,0,0,0,0,0,0,1,0,0,1,0,0,0,0
692,350,0,0,155,30,2,90,1,0,0,0,0,0,0,0,0,0,1,0,0,0,0,1,0,0,0,0
693,265,0,1,0,60,2,300,0,0,0,0,0,0,0,0,0,0,0,0,1,0,0,0,1,0,0,0
694,50,0,1,0,90,2,148,0,0,0,0,0,0,0,0,0,0,0,0,1,0,0,0,1,0,0,0
695,300,0,0,340,0,2,0,0,0,0,0,0,1,0,0,0,0,1,0,0,0,0,0,0,0,0,1
696,285,0,1,340,0,2,0,0,0,1,0,0,0,0,0,0,1,0,0,0,0,0,0,0,0,0,1
697,285,0,1,300,0,2,0,0,0,1,0,0,0,0,0,1,0,0,0,0,0,0,0,0,0,0,1
698,300,0,0,0,0,3,0,1,0,0,0,0,0,0,0,0,1,0,0,0,0,0,0,0,0,0,1
699,50,0,0,0,216,3,178,0,0,0,0,0,1,0,0,0,0,0,0,1,0,0,1,0,0,0,0
700,50,0,1,0,120,3,141,0,0,1,0,0,0,0,0,0,0,0,0,1,0,0,1,0,0,0,0
701,350,0,0,330,0,4,0,1,0,0,0,0,0,0,0,0,1,0,0,0,0,0,0,0,0,0,1
702,265,0,1,150,120,4,154,0,0,0,0,0,0,0,0,0,0,0,0,0,0,0,0,0,0,1,0
703,250,0,1,360,0,4,0,0,0,0,0,0,0,0,0,0,0,1,0,0,0,0,0,0,0,0,1
704,180,0,0,120,0,4,0,0,1,0,0,0,0,0,0,0,0,0,0,0,0,0,0,0,0,0,1
705,280,0,0,190,432,4,161,0,0,0,0,0,0,1,0,0,1,0,0,0,0,0,1,0,0,0,0
706,265,0,1,60,15,5,190,0,0,0,0,0,0,0,0,0,0,0,0,0,0,0,0,0,1,0,0
707,280,0,1,60,90,5,220,0,0,0,0,0,0,1,0,0,0,0,0,0,0,0,1,0,0,0,0
708,265,0,1,175,120,6,145,0,0,0,0,0,0,0,0,0,0,1,0,0,0,0,0,0,0,1,0
709,250,0,1,175,0,6,0,0,0,0,0,0,0,0,0,0,0,1,0,0,0,0,0,0,0,0,1
710,350,0,0,180,20,0,91,1,0,0,0,0,0,0,0,0,0,1,0,0,0,0,1,0,0,0,0
711,180,0,0,185,0,0,0,0,1,0,0,0,0,0,0,0,0,1,0,0,0,0,0,0,0,0,1
712,50,0,1,0,120,0,269,0,0,0,0,0,0,0,0,0,0,0,0,1,0,0,1,0,0,0,0
713,50,0,1,0,120,0,250,0,0,0,0,0,0,0,0,0,0,0,0,1,0,0,0,1,0,0,0
714,350,0,0,210,60,1,999,1,0,0,0,0,0,0,0,0,1,0,0,0,0,0,1,0,0,0,0
715,265,0,1,310,120,1,167,0,0,0,0,0,0,0,0,0,0,1,0,0,0,0,0,0,0,1,0
716,285,0,0,220,0,1,0,0,0,1,0,0,0,0,0,0,1,0,0,0,0,0,0,0,0,0,1
717,280,0,0,220,0,1,136,0,0,0,0,0,0,1,0,0,0,1,0,0,0,0,1,0,0,0,0
718,40,0,1,0,150,1,205,0,0,0,0,1,0,0,0,0,0,0,0,1,0,0,0,0,0,0,0
719,265,0,1,60,120,2,0,0,0,0,0,0,0,0,0,0,0,1,0,0,0,0,0,0,1,0,0
720,265,0,1,250,20,2,274,0,0,0,0,0,0,0,0,0,0,1,0,0,0,0,0,1,0,0,0
721,350,0,0,50,30,3,173,1,0,0,0,0,0,0,0,0,1,0,0,0,0,0,1,0,0,0,0
722,265,1,1,420,105,3,137,0,0,0,0,0,0,0,0,0,0,1,0,0,0,0,0,0,0,1,0
723,280,0,1,130,105,3,216,0,0,0,0,0,0,1,0,0,0,0,0,0,0,0,1,0,0,0,0
724,50,0,0,0,504,3,222,1,0,0,0,0,0,0,0,0,0,0,0,1,0,0,1,0,0,0,0
725,40,0,1,0,90,3,180,0,0,0,0,1,0,0,0,0,0,0,0,1,0,0,0,0,0,0,0
726,350,0,0,230,45,4,1380,1,0,0,0,0,0,0,0,0,1,0,0,0,0,0,1,0,0,0,0
727,265,0,1,115,35,4,318,0,0,0,0,0,0,0,0,0,0,0,0,0,0,0,0,0,0,1,0
728,265,0,1,210,60,5,288,0,0,0,0,0,0,0,0,0,0,1,0,0,0,0,0,0,0,1,0
729,180,0,1,60,0,5,0,0,1,0,0,0,0,0,0,0,0,0,0,0,0,0,0,0,0,0,1
730,265,0,1,270,60,6,653,0,0,0,0,0,0,0,0,0,0,1,0,0,0,0,0,1,0,0,0
731,180,0,0,55,0,6,0,0,1,0,0,0,0,0,0,0,1,0,0,0,0,0,0,0,0,0,1
732,280,0,1,150,0,6,170,0,0,0,0,0,0,1,0,0,0,1,0,0,0,0,1,0,0,0,0
733,350,0,0,80,60,0,202,1,0,0,0,0,0,0,0,0,1,0,0,0,0,0,1,0,0,0,0
734,265,1,1,360,90,0,138,0,0,0,0,0,0,0,0,0,1,0,0,0,0,0,0,1,0,0,0
735,350,0,0,120,45,1,324,1,0,0,0,0,0,0,0,0,0,1,0,0,0,0,1,0,0,0,0
736,280,0,1,60,0,1,145,0,0,0,0,0,0,1,0,0,0,0,0,0,0,0,1,0,0,0,0
737,350,0,0,425,15,2,104,1,0,0,0,0,0,0,0,0,1,0,0,0,0,0,1,0,0,0,0
738,250,0,1,180,0,2,0,0,0,0,0,0,0,0,0,0,0,1,0,0,0,0,0,0,0,0,1
739,280,0,1,180,60,2,152,0,0,0,0,0,0,1,0,0,0,1,0,0,0,0,1,0,0,0,0
740,285,0,0,180,0,2,0,0,0,1,0,0,0,0,0,0,0,1,0,0,0,0,0,0,0,0,1
741,50,0,0,0,30,2,22,1,0,0,0,0,0,0,0,0,0,0,0,1,0,0,1,0,0,0,0
742,50,0,0,0,60,2,325,1,0,0,0,0,0,0,0,0,0,0,0,1,0,0,1,0,0,0,0
743,265,0,1,285,120,3,155,0,0,0,0,0,0,0,0,0,0,0,0,0,0,0,0,1,0,0,0
744,285,0,1,65,60,3,1107,0,0,1,0,0,0,0,0,0,0,0,0,0,0,0,1,0,0,0,0
745,50,0,1,0,30,3,320,0,0,0,0,0,0,0,0,0,0,0,0,1,0,0,0,1,0,0,0
746,350,0,0,150,15,4,11,1,0,0,0,0,0,0,0,0,0,0,0,0,0,0,0,0,0,0,0
747,285,0,1,270,30,4,126,0,0,1,0,0,0,0,0,0,1,0,0,0,0,0,0,0,0,0,0
748,265,1,1,480,75,5,175,0,0,0,0,0,0,0,0,0,0,1,0,0,0,0,0,1,0,0,0
749,285,1,0,435,0,5,0,0,0,1,0,0,0,0,0,1,0,0,0,0,0,0,0,0,0,0,1
750,285,1,0,205,0,5,0,0,0,1,0,0,0,0,0,0,0,0,0,0,0,0,0,0,0,0,1
751,285,1,0,175,0,5,0,0,0,1,0,0,0,0,0,1,0,0,0,0,0,0,0,0,0,0,1
752,180,0,0,420,0,5,0,0,1,0,0,0,0,0,1,0,0,0,0,0,0,0,0,0,0,0,1
753,280,1,1,420,55,5,126,0,0,0,0,0,0,1,0,0,0,1,0,0,0,0,1,0,0,0,0
754,40,0,1,0,75,5,205,0,0,0,1,0,0,0,0,0,0,0,0,1,0,0,0,0,0,0,0
755,180,0,0,60,0,6,0,0,1,0,0,0,0,0,0,0,0,0,0,0,0,0,0,0,0,0,1
756,350,0,0,80,45,0,162,1,0,0,0,0,0,0,0,0,1,0,0,0,0,0,1,0,0,0,0
757,265,0,1,360,30,0,205,0,0,0,0,0,0,0,0,0,0,1,0,0,0,0,0,1,0,0,0
758,265,0,1,160,120,0,163,0,0,0,0,0,0,0,0,0,0,1,0,0,0,0,0,1,0,0,0
759,280,0,1,150,120,0,159,0,0,0,0,0,0,1,0,0,0,0,0,0,0,0,1,0,0,0,0
760,285,0,0,110,0,0,0,0,0,1,0,0,0,0,0,0,1,0,0,0,0,0,0,0,0,0,1
761,350,0,0,55,20,1,188,1,0,0,0,0,0,0,0,0,1,0,0,0,0,0,1,0,0,0,0
762,265,0,1,445,90,1,155,0,0,0,0,0,0,0,0,0,0,1,0,0,0,0,0,1,0,0,0
763,50,0,1,290,0,1,0,0,0,0,0,0,0,0,0,0,0,1,0,1,0,0,0,0,0,0,1
764,180,0,0,60,0,1,0,0,1,0,0,0,0,0,0,0,1,0,0,0,0,0,0,0,0,0,1
765,280,0,0,160,0,1,0,0,0,0,0,0,0,1,1,0,0,0,0,0,0,0,0,0,0,0,1
766,50,0,1,0,30,1,240,0,0,0,0,0,0,0,0,0,0,0,0,1,0,0,0,1,0,0,0
767,300,0,0,60,0,2,0,1,0,0,0,0,0,0,0,0,0,0,0,0,0,0,0,0,0,0,1
768,280,0,0,110,0,2,0,0,0,0,0,0,0,1,0,0,0,1,0,0,0,0,0,0,0,0,1
769,180,0,0,45,0,2,0,0,1,0,0,0,0,0,0,0,0,0,0,0,0,0,0,0,0,0,1
770,40,0,1,0,100,2,390,0,0,0,1,0,0,0,0,0,0,0,0,1,0,0,1,0,0,0,0
771,250,0,1,480,0,3,0,0,0,0,0,0,0,0,0,0,0,1,0,0,0,0,0,0,0,0,1
772,265,0,1,300,90,3,145,0,0,0,0,0,0,0,0,0,1,0,0,0,0,0,0,1,0,0,0
773,180,0,0,90,0,3,0,0,1,0,0,0,0,0,0,0,0,0,0,0,0,0,0,0,0,0,1
774,280,0,1,160,60,3,141,0,0,0,0,0,0,1,0,0,0,0,0,0,0,0,1,0,0,0,0
775,285,0,0,115,45,3,344,0,0,1,0,0,0,0,0,1,0,0,0,0,0,0,0,0,0,0,0
776,50,0,0,0,60,3,177,0,0,0,0,0,0,1,0,0,0,0,0,1,0,0,1,0,0,0,0
777,300,0,0,90,0,4,0,1,0,0,0,0,0,0,0,0,0,0,0,0,0,0,0,0,0,0,1
778,265,0,1,400,120,4,130,0,0,0,0,0,0,0,0,0,0,1,0,0,0,0,0,1,0,0,0
779,250,0,1,225,0,4,0,0,0,0,0,0,0,0,0,0,0,1,0,0,0,0,0,0,0,0,1
780,280,0,1,75,90,4,134,0,0,0,0,0,0,1,0,0,0,0,0,0,0,0,1,0,0,0,0
781,50,0,1,0,120,4,159,0,0,0,0,0,0,0,0,0,0,0,0,1,0,0,0,1,0,0,0
782,250,0,1,75,0,5,0,0,0,0,0,0,0,0,0,0,0,1,0,0,0,0,0,0,0,0,1
783,265,0,1,75,90,5,150,0,0,0,0,0,0,0,0,0,0,1,0,0,0,0,0,1,0,0,0
784,180,0,0,60,0,5,0,0,1,0,0,0,0,0,0,0,0,1,0,0,0,0,0,0,0,0,1
785,40,0,1,0,120,5,250,0,0,0,1,0,0,0,0,0,0,0,0,1,0,0,0,0,0,0,0
786,50,0,1,0,90,6,129,0,0,0,0,0,0,0,0,0,0,0,0,1,0,0,0,0,1,0,0
787,265,0,1,45,20,0,168,0,0,0,0,0,0,0,0,0,0,0,0,0,0,0,0,1,0,0,0
788,50,0,1,0,120,0,273,0,0,0,0,0,0,0,0,0,0,0,0,1,0,0,0,1,0,0,0
789,350,0,0,80,25,2,109,1,0,0,0,0,0,0,0,0,1,0,0,0,0,0,1,0,0,0,0
790,250,0,1,170,0,2,0,0,0,0,0,0,0,0,0,0,0,1,0,0,0,0,0,0,0,0,1
791,300,0,0,40,0,3,0,1,0,0,0,0,0,0,0,0,1,0,0,0,0,0,0,0,0,0,1
792,250,0,1,100,0,3,0,0,0,0,0,0,0,0,0,0,0,1,0,0,0,0,0,0,0,0,1
793,265,0,1,95,75,3,143,0,0,0,0,0,0,0,0,0,1,0,0,0,0,0,0,0,0,1,0
794,280,0,1,55,90,3,260,0,0,0,0,0,0,1,0,0,0,0,0,0,0,0,0,0,0,0,0
795,285,0,1,145,60,3,122,0,0,1,0,0,0,0,0,1,0,0,0,0,0,0,1,0,0,0,0
796,350,0,0,100,15,4,250,1,0,0,0,0,0,0,0,0,1,0,0,0,0,0,1,0,0,0,0
797,265,0,1,80,30,4,128,0,0,0,0,0,0,0,0,0,0,1,0,0,0,0,0,1,0,0,0
798,250,0,1,160,0,4,0,0,0,0,0,0,0,0,0,0,0,1,0,0,0,0,0,0,0,0,1
799,180,0,0,60,0,4,0,0,1,0,0,0,0,0,0,0,0,0,0,0,0,0,0,0,0,0,1
800,250,0,1,345,0,5,0,0,0,0,0,0,0,0,0,0,0,1,0,0,0,0,0,0,0,0,1
801,250,0,1,155,0,5,0,0,0,0,0,0,0,0,0,0,0,1,0,0,0,0,0,0,0,0,1
802,50,0,1,0,90,5,162,0,0,0,0,0,0,0,0,0,0,0,0,1,0,0,0,1,0,0,0
803,50,0,1,0,90,5,138,0,0,0,0,0,0,0,0,0,0,0,0,1,0,0,0,1,0,0,0
804,265,0,1,60,10,6,163,0,0,0,0,0,0,0,0,0,1,0,0,0,0,0,0,1,0,0,0
805,280,0,1,90,120,6,120,0,0,0,0,0,0,1,0,0,0,0,0,0,0,0,1,0,0,0,0
806,180,0,0,60,0,6,0,0,1,0,0,0,0,0,0,0,0,0,0,0,0,0,0,0,0,0,1
807,50,0,1,0,105,6,160,0,0,0,0,0,0,0,0,0,0,0,0,1,0,0,0,1,0,0,0
808,50,0,1,0,60,6,195,0,0,0,0,0,0,0,0,0,0,0,0,1,0,0,0,1,0,0,0
809,250,0,1,220,0,0,0,0,0,0,0,0,0,0,0,0,0,1,0,0,0,0,0,0,0,0,1
810,280,0,1,60,0,0,0,0,0,0,0,0,0,1,0,0,0,0,0,0,0,0,0,0,0,0,1
811,265,0,1,365,80,1,137,0,0,0,0,0,0,0,0,0,0,1,0,0,0,0,0,0,0,1,0
812,250,0,1,260,0,1,0,0,0,0,0,0,0,0,0,0,0,1,0,0,0,0,0,0,0,0,1
813,285,0,1,90,30,1,106,0,0,1,0,0,0,0,0,1,0,0,0,0,0,0,1,0,0,0,0
814,180,0,0,60,0,1,0,0,1,0,0,0,0,0,0,0,0,0,0,0,0,0,0,0,0,0,1
815,40,0,1,0,135,1,260,0,0,0,1,0,0,0,0,0,0,0,0,1,0,0,0,0,0,0,0
816,250,0,1,170,0,2,0,0,0,0,0,0,0,0,0,0,0,1,0,0,0,0,0,0,0,0,1
817,280,0,1,60,90,2,219,0,0,0,0,0,0,1,0,0,0,0,0,0,0,0,1,0,0,0,0
818,285,0,1,290,90,2,137,0,0,1,0,0,0,0,0,1,0,0,0,0,0,0,1,0,0,0,0
819,285,0,1,115,0,2,0,0,0,1,0,0,0,0,0,0,1,0,0,0,0,0,0,0,0,0,1
820,50,0,1,0,20,2,47,0,0,1,0,0,0,0,0,0,0,0,0,1,0,0,1,0,0,0,0
821,50,0,1,0,90,2,291,0,0,0,0,0,0,0,0,0,0,0,0,1,0,0,0,1,0,0,0
822,350,0,0,150,25,3,95,1,0,0,0,0,0,0,0,0,1,0,0,0,0,0,1,0,0,0,0
823,265,0,1,60,85,3,145,0,0,0,0,0,0,0,0,0,0,0,0,0,0,0,0,1,0,0,0
824,250,0,1,90,0,3,0,0,0,0,0,0,0,0,0,0,0,1,0,0,0,0,0,0,0,0,1
825,285,0,1,570,0,3,0,0,0,1,0,0,0,0,0,1,0,0,0,0,0,0,0,0,0,0,1
826,285,0,1,130,20,3,217,0,0,1,0,0,0,0,0,0,0,0,0,0,0,0,1,0,0,0,0
827,350,0,0,185,30,4,107,1,0,0,0,0,0,0,0,0,1,0,0,0,0,0,1,0,0,0,0
828,280,0,1,460,60,4,163,0,0,0,0,0,0,1,0,1,0,0,0,0,0,0,1,0,0,0,0
829,50,0,1,0,90,4,146,0,0,0,0,0,0,0,0,0,0,0,0,1,0,0,0,1,0,0,0
830,265,0,1,405,120,6,163,0,0,0,0,0,0,0,0,0,0,1,0,0,0,0,0,1,0,0,0
831,180,0,0,60,0,6,0,0,1,0,0,0,0,0,0,0,0,0,0,0,0,0,0,0,0,0,1
832,250,0,0,1100,0,6,0,0,0,0,0,0,0,0,0,0,0,1,0,0,0,0,0,0,0,0,1
833,350,0,0,325,30,1,598,1,0,0,0,0,0,0,0,0,1,0,0,0,0,0,1,0,0,0,0
834,265,0,1,380,120,1,239,0,0,0,0,0,0,0,0,0,0,0,0,0,0,0,0,1,0,0,0
835,285,0,1,455,40,1,129,0,0,1,0,0,0,0,0,1,0,0,0,0,0,0,1,0,0,0,0
836,280,0,1,150,90,1,164,0,0,0,0,0,0,1,0,0,0,0,0,0,0,0,1,0,0,0,0
837,180,0,0,120,0,1,0,0,1,0,0,0,0,0,0,0,0,1,0,0,0,0,0,0,0,0,1
838,50,0,1,0,90,1,147,0,0,1,0,0,0,0,0,0,0,0,0,1,0,0,1,0,0,0,0
839,50,0,1,0,35,1,226,0,0,1,0,0,0,0,0,0,0,0,0,1,0,0,1,0,0,0,0
840,300,0,0,225,0,2,0,1,0,0,0,0,0,0,0,0,1,0,0,0,0,0,0,0,0,0,1
841,230,0,0,300,240,2,286,0,1,0,0,0,0,0,0,0,0,1,0,0,0,0,1,0,0,0,0
842,50,0,0,0,30,2,180,0,1,0,0,0,0,0,0,0,0,0,0,1,0,0,1,0,0,0,0
843,50,0,0,0,45,2,1104,1,0,0,0,0,0,0,0,0,0,0,0,1,0,0,0,0,0,0,0
844,50,0,1,0,120,2,257,0,0,0,0,0,0,0,0,0,0,0,0,1,0,0,0,0,0,1,0
845,350,0,0,360,30,3,207,1,0,0,0,0,0,0,0,0,1,0,0,0,0,0,1,0,0,0,0
846,265,0,1,385,120,3,159,0,0,0,0,0,0,0,0,0,0,1,0,0,0,0,0,0,0,1,0
847,280,0,1,100,120,3,168,0,0,0,0,0,0,1,0,0,0,1,0,0,0,0,1,0,0,0,0
848,180,0,0,60,0,3,0,0,1,0,0,0,0,0,0,0,0,0,0,0,0,0,0,0,0,0,1
849,265,0,1,155,0,4,0,0,0,0,0,0,0,0,0,0,0,1,0,0,0,0,0,0,0,0,1
850,285,0,1,150,60,4,682,0,0,1,0,0,0,0,0,1,0,0,0,0,0,0,0,0,0,0,0
851,350,0,0,400,20,4,97,1,0,0,0,0,0,0,0,0,1,0,0,0,0,0,1,0,0,0,0
852,50,0,0,0,15,4,157,1,0,0,0,0,0,0,0,0,0,0,0,1,0,0,1,0,0,0,0
853,50,0,0,0,15,4,55,1,0,0,0,0,0,0,0,0,0,0,0,1,0,0,0,0,0,0,0
854,265,0,1,395,30,5,106,0,0,0,0,0,0,0,0,0,0,1,0,0,0,0,0,0,1,0,0
855,180,0,0,120,0,5,0,0,1,0,0,0,0,0,0,0,0,1,0,0,0,0,0,0,0,0,1
856,265,0,1,360,20,6,166,0,0,0,0,0,0,0,0,0,0,1,0,0,0,0,0,1,0,0,0
857,285,1,1,160,0,6,0,0,0,1,0,0,0,0,0,1,0,0,0,0,0,0,0,0,0,0,1
858,285,0,1,195,0,6,0,0,0,1,0,0,0,0,0,1,0,0,0,0,0,0,0,0,0,0,1
859,300,0,1,130,20,6,227,0,0,0,0,0,1,0,0,0,0,1,0,0,0,0,0,0,0,0,0
860,300,0,1,70,10,6,85,0,0,0,0,0,1,0,0,0,0,1,0,0,0,0,0,0,0,0,0
861,180,0,0,120,0,6,0,0,1,0,0,0,0,0,0,0,0,0,0,0,0,0,0,0,0,0,1
862,50,0,1,0,20,6,166,0,0,0,0,0,0,1,0,0,0,0,0,1,0,0,0,0,0,0,0
863,350,0,0,170,20,0,207,1,0,0,0,0,0,0,0,0,0,0,0,0,0,0,1,0,0,0,0
864,265,0,1,300,95,0,151,0,0,0,0,0,0,0,0,0,0,1,0,0,0,0,0,0,0,1,0
865,285,0,1,540,0,0,0,0,0,1,0,0,0,0,0,1,0,0,0,0,0,0,0,0,0,0,1
866,280,0,1,110,90,0,260,0,0,0,0,0,0,1,0,0,0,0,0,0,0,0,0,0,0,0,0
867,230,0,0,150,0,0,0,0,1,0,0,0,0,0,0,0,0,1,0,0,0,0,0,0,0,0,1
868,180,0,0,70,0,0,0,0,1,0,0,0,0,0,0,0,0,0,0,0,0,0,0,0,0,0,1
869,1050,0,0,100,0,0,0,0,0,0,0,0,0,0,0,1,0,0,0,0,0,0,0,0,0,0,1
870,250,0,1,230,0,1,0,0,0,0,0,0,0,0,0,0,1,0,0,0,0,0,0,0,0,0,1
871,265,0,1,220,60,1,140,0,0,0,0,0,0,0,0,0,0,1,0,0,0,0,0,0,0,1,0
872,280,0,1,220,105,1,185,0,0,0,0,0,0,1,0,0,0,1,0,0,0,0,1,0,0,0,0
873,250,0,1,240,0,2,0,0,0,0,0,0,0,0,0,0,0,1,0,0,0,0,0,0,0,0,1
874,285,0,0,120,90,2,130,0,0,1,0,0,0,0,0,0,1,0,0,0,0,0,1,0,0,0,0
875,230,0,0,230,120,2,232,0,1,0,0,0,0,0,0,0,0,1,0,0,0,0,1,0,0,0,0
876,180,0,0,50,0,2,0,0,1,0,0,0,0,0,0,0,0,1,0,0,0,0,0,0,0,0,1
877,50,0,1,0,120,2,165,0,0,0,0,0,0,0,0,0,0,0,0,1,0,0,0,1,0,0,0
878,50,0,1,0,120,2,210,0,0,0,0,0,0,0,0,0,0,0,0,1,0,0,0,1,0,0,0
879,50,0,0,0,120,2,147,0,0,1,0,0,0,0,0,0,0,0,0,1,0,0,1,0,0,0,0
880,400,0,0,350,0,3,0,1,0,0,0,0,0,0,0,0,0,0,0,0,0,0,0,0,0,0,1
881,265,0,1,270,120,3,155,0,0,0,0,0,0,0,0,0,0,1,0,0,0,0,0,1,0,0,0
882,750,1,1,330,0,3,0,0,0,0,0,0,0,0,0,0,0,0,0,0,0,0,0,0,0,0,1
883,280,0,0,300,15,3,567,0,0,0,0,0,0,1,0,1,0,0,0,1,0,0,1,0,0,0,0
884,280,1,1,490,0,3,0,0,0,0,0,0,0,1,0,1,0,0,0,0,0,0,0,0,0,0,1
885,280,0,1,240,60,3,177,0,0,0,0,0,0,1,0,0,0,0,0,0,0,0,1,0,0,0,0
886,325,1,1,610,0,3,0,0,0,1,0,0,0,0,0,1,0,0,0,0,0,0,0,0,0,0,1
887,325,1,1,330,0,3,0,0,0,1,0,0,0,0,0,0,0,0,0,0,0,0,0,0,0,0,1
888,180,0,0,80,0,3,0,0,1,0,0,0,0,0,0,0,0,1,0,0,0,0,0,0,0,0,1
889,150,1,0,660,0,3,0,0,0,0,0,0,0,0,0,0,0,1,0,0,0,0,0,0,0,0,1
890,300,0,0,225,0,4,0,1,0,0,0,0,0,0,0,0,1,0,0,0,0,0,0,0,0,0,1
891,265,0,1,110,115,4,150,0,0,0,0,0,0,0,0,0,0,1,0,0,0,0,0,0,0,1,0
892,265,0,1,60,15,4,155,0,0,0,0,0,0,0,0,0,0,0,0,0,0,0,0,0,0,1,0
893,180,0,0,120,0,4,0,0,1,0,0,0,0,0,0,0,0,0,0,0,0,0,0,0,0,0,1
894,265,0,1,345,300,5,0,0,0,0,0,0,0,0,0,0,0,1,0,0,0,0,0,0,0,0,1
895,275,0,1,270,45,5,422,0,0,0,0,0,0,0,0,1,0,0,0,0,0,0,1,0,0,0,0
896,180,0,0,60,0,5,0,0,1,0,0,0,0,0,0,0,0,0,0,0,0,0,0,0,0,0,1
897,265,0,1,140,33,6,0,0,0,0,0,0,0,0,0,0,0,1,0,0,0,0,0,0,1,0,0
898,280,0,1,180,90,6,203,0,0,0,0,0,0,1,0,0,1,0,0,0,0,0,1,0,0,0,0
899,180,0,0,80,0,6,0,0,1,0,0,0,0,0,0,0,0,0,0,0,0,0,0,0,0,0,1
900,265,0,1,330,90,0,118,0,0,0,0,0,0,0,0,0,0,1,0,0,0,0,0,1,0,0,0
901,350,0,0,120,15,1,368,1,0,0,0,0,0,0,0,0,1,0,0,0,0,0,1,0,0,0,0
902,250,0,1,240,0,1,0,0,0,0,0,0,0,0,0,0,0,1,0,0,0,0,0,0,0,0,1
903,280,0,1,95,75,1,125,0,0,0,0,0,0,1,0,0,0,0,0,0,0,0,1,0,0,0,0
904,180,0,0,80,0,1,0,0,1,0,0,0,0,0,0,0,0,0,0,0,0,0,0,0,0,0,1
905,350,0,0,185,45,2,624,1,0,0,0,0,0,0,0,0,0,1,0,0,0,0,1,0,0,0,0
906,265,0,1,115,60,2,135,0,0,0,0,0,0,0,0,0,0,1,0,0,0,0,0,0,0,1,0
907,265,0,1,100,120,2,137,0,0,0,0,0,0,0,0,0,0,1,0,0,0,0,0,0,0,1,0
908,50,0,0,0,30,2,149,0,0,1,0,0,0,0,0,0,0,0,0,1,0,0,1,0,0,0,0
909,40,0,1,0,120,2,195,0,0,0,1,0,0,0,0,0,0,0,0,1,0,0,0,0,0,0,0
910,350,0,0,370,35,3,387,1,0,0,0,0,0,0,0,0,0,1,0,0,0,0,1,0,0,0,0
911,250,0,1,600,0,3,0,0,0,0,0,0,0,0,0,0,0,1,0,0,0,0,0,0,0,0,1
912,250,0,1,360,0,3,0,0,0,0,0,0,0,0,0,0,1,0,0,0,0,0,0,0,0,0,1
913,285,1,0,480,0,3,0,0,0,1,0,0,0,0,0,1,0,0,0,0,0,0,0,0,0,0,1
914,285,1,0,530,0,3,0,0,0,1,0,0,0,0,0,0,0,1,0,0,0,0,0,0,0,0,1
915,280,1,1,475,90,3,129,0,0,0,0,0,0,1,0,0,0,1,0,0,0,0,1,0,0,0,0
916,150,1,0,390,0,3,0,0,0,0,0,0,0,0,0,1,0,0,0,0,0,0,0,0,0,0,1
917,50,0,1,0,120,3,480,0,0,0,0,0,0,0,0,0,0,0,0,1,0,0,0,1,0,0,0
918,265,0,1,65,90,4,140,0,0,0,0,0,0,0,0,0,0,0,0,0,0,0,0,1,0,0,0
919,280,0,0,110,120,4,218,0,0,0,0,0,0,1,0,0,0,1,0,0,0,0,1,0,0,0,0
920,180,0,0,105,0,4,0,0,1,0,0,0,0,0,0,0,0,0,0,0,0,0,0,0,0,0,1
921,50,0,1,0,20,4,480,0,0,0,0,0,0,0,0,0,0,0,0,1,0,0,0,1,0,0,0
922,40,0,1,0,120,4,180,0,0,0,1,0,0,0,0,0,0,0,0,1,0,0,0,0,0,0,1
923,250,0,1,405,0,5,0,0,0,0,0,0,0,0,0,0,0,1,0,0,0,0,0,0,0,0,1
924,265,0,1,90,30,5,167,0,0,0,0,0,0,0,0,0,0,0,0,0,0,0,0,0,0,1,0
925,180,0,0,75,0,5,0,0,1,0,0,0,0,0,0,0,0,0,0,0,0,0,0,0,0,0,1
926,50,0,1,0,110,5,137,0,0,0,0,0,0,0,0,0,0,0,0,1,0,0,0,0,0,1,0
927,180,0,0,60,0,6,0,0,1,0,0,0,0,0,0,0,0,0,0,0,0,0,0,0,0,0,1
928,265,0,1,365,80,0,117,0,0,0,0,0,0,0,0,0,0,1,0,0,0,0,0,0,0,1,0
929,250,0,1,210,0,1,0,0,0,0,0,0,0,0,0,0,0,1,0,0,0,0,0,0,0,0,1
930,180,0,0,60,0,1,0,0,1,0,0,0,0,0,0,0,0,0,0,0,0,0,0,0,0,0,1
931,40,0,1,0,120,1,212,0,0,0,1,0,0,0,0,0,0,0,0,1,0,0,1,0,0,0,0
932,265,0,1,125,120,2,190,0,0,0,0,0,0,0,0,0,0,1,0,0,0,0,0,1,0,0,0
933,300,0,1,340,120,2,208,0,0,0,0,0,1,0,0,0,0,1,0,0,0,0,1,0,0,0,0
934,50,0,1,0,90,2,310,0,0,0,0,0,0,0,0,0,0,0,0,1,0,0,0,1,0,0,0
935,350,0,0,120,30,3,225,1,0,0,0,0,0,0,0,0,1,0,0,0,0,0,0,0,0,0,0
936,265,0,1,175,30,3,56,0,0,0,0,0,0,0,0,0,0,1,0,0,0,0,0,0,0,1,0
937,250,0,1,280,0,3,0,0,0,0,0,0,0,0,0,0,0,1,0,0,0,0,0,0,0,0,1
938,285,0,1,1040,0,3,0,0,0,1,0,0,0,0,0,1,0,0,0,0,0,0,0,0,0,0,1
939,40,0,1,0,120,3,225,0,0,0,1,0,0,0,0,0,0,0,0,1,0,0,0,0,0,0,0
940,350,0,0,220,20,4,490,1,0,0,0,0,0,0,0,0,1,0,0,0,0,0,1,0,0,0,0
941,265,0,1,310,15,4,138,0,0,0,0,0,0,0,0,0,0,1,0,0,0,0,0,0,0,1,0
942,250,0,1,270,0,4,0,0,0,0,0,0,0,0,0,0,0,1,0,0,0,0,0,0,0,0,1
943,280,0,1,60,120,4,148,0,0,0,0,0,0,1,0,0,0,0,0,0,0,0,1,0,0,0,0
944,600,0,1,370,0,4,0,0,0,0,0,0,0,0,0,0,1,0,0,0,0,0,0,0,0,0,1
945,600,0,1,430,0,4,0,0,0,0,0,0,0,0,0,0,1,0,0,0,0,0,0,0,0,0,1
946,50,0,1,0,75,4,375,0,0,1,0,0,0,0,0,0,0,0,0,1,0,0,1,0,0,0,0
947,50,0,0,0,140,4,131,0,0,0,0,0,0,0,0,0,0,0,0,1,0,0,0,0,0,1,0
948,750,1,1,165,0,5,0,0,0,0,0,0,0,0,0,0,0,1,0,0,0,0,0,0,0,0,1
949,250,0,1,420,0,5,0,0,0,0,0,0,0,0,0,0,0,1,0,0,0,0,0,0,0,0,1
950,280,0,1,75,70,5,126,0,0,0,0,0,0,1,0,0,0,1,0,0,0,0,1,0,0,0,0
951,650,0,1,280,0,5,0,0,0,0,0,0,0,0,0,0,1,0,0,0,0,0,0,0,0,0,1
952,650,0,1,240,0,5,0,0,0,0,0,0,0,0,0,0,1,0,0,0,0,0,0,0,0,0,1
953,1100,0,0,900,0,5,0,0,0,0,0,0,0,0,0,0,0,0,0,1,0,0,0,0,0,0,1
954,265,0,1,265,120,6,156,0,0,0,0,0,0,0,0,0,0,1,0,0,0,0,0,0,1,0,0
955,285,0,1,180,90,6,110,0,0,1,0,0,0,0,0,1,0,0,0,0,0,0,1,0,0,0,0
956,180,0,1,100,0,6,0,0,1,0,0,0,0,0,0,0,0,0,0,0,0,0,0,0,0,0,1
957,420,0,0,705,0,0,0,1,0,0,0,0,0,0,0,1,0,0,0,0,0,0,0,0,0,0,1
958,300,0,1,720,0,0,0,0,0,0,0,0,0,0,0,0,1,0,0,0,0,0,0,0,0,0,1
959,250,0,1,145,0,0,0,0,0,0,0,0,0,0,0,0,0,0,0,0,0,0,0,0,0,0,1
960,310,0,1,720,0,0,0,0,0,0,0,0,0,1,0,0,1,0,0,0,0,0,0,0,0,0,1
961,280,0,1,60,120,0,159,0,0,0,0,0,0,1,0,0,0,0,0,0,0,0,1,0,0,0,0
962,285,0,0,475,0,0,0,0,0,1,0,0,0,0,0,1,0,0,0,0,0,0,0,0,0,0,1
963,180,0,0,70,0,0,0,0,1,0,0,0,0,0,0,0,0,0,0,0,0,0,0,0,0,0,1
964,50,0,1,0,90,0,300,0,0,0,0,0,0,0,0,0,0,0,0,1,0,0,0,1,0,0,0
965,50,0,1,0,120,0,160,0,0,0,0,0,0,0,0,0,0,0,0,1,0,0,0,1,0,0,0
966,350,0,0,300,60,1,483,1,0,0,0,0,0,0,0,0,0,1,0,0,0,0,0,0,0,0,0
967,250,0,1,110,0,1,0,0,0,0,0,0,0,0,0,0,0,1,0,0,0,0,0,0,0,0,1
968,285,0,1,195,120,1,137,0,0,1,0,0,0,0,0,1,0,0,0,0,0,0,1,0,0,0,0
969,50,0,0,0,40,1,378,1,0,0,0,0,0,0,0,0,0,0,0,1,0,0,0,0,0,0,0
970,50,0,1,0,60,1,220,0,0,0,0,0,0,0,0,0,0,0,0,1,0,0,0,0,0,1,0
971,600,0,1,135,0,1,0,0,0,0,0,0,0,0,0,0,0,1,0,0,0,0,0,0,0,0,1
972,600,0,1,150,0,1,0,0,0,0,0,0,0,0,0,0,1,0,0,0,0,0,0,0,0,0,1
973,350,0,0,120,40,2,576,1,0,0,0,0,0,0,0,0,1,0,0,0,0,0,1,0,0,0,0
974,265,1,1,310,105,2,146,0,0,0,0,0,0,0,0,0,0,1,0,0,0,0,0,0,0,1,0
975,265,0,1,130,75,2,193,0,0,0,0,0,0,0,0,0,0,1,0,0,0,0,0,0,0,1,0
976,180,0,0,60,0,2,0,0,1,0,0,0,0,0,0,1,0,0,0,0,0,0,0,0,0,0,1
977,50,0,0,0,20,2,351,1,0,0,0,0,0,0,0,0,0,0,0,1,0,0,1,0,0,0,0
978,50,0,1,0,94,2,318,0,0,0,0,0,0,1,0,0,0,0,0,1,0,0,1,0,0,0,0
979,50,0,0,0,120,2,140,0,0,1,0,0,0,0,0,0,0,0,0,1,0,0,1,0,0,0,0
980,350,0,0,150,30,3,667,1,0,0,0,0,0,0,0,0,1,0,0,0,0,0,1,0,0,0,0
981,265,0,1,10,50,3,221,0,0,0,0,0,0,0,0,0,0,1,0,0,0,0,0,0,0,1,0
982,265,0,1,240,115,3,143,0,0,0,0,0,0,0,0,0,0,1,0,0,0,0,0,0,0,1,0
983,180,0,1,130,0,3,0,0,1,0,0,0,0,0,0,0,0,1,0,0,0,0,0,0,0,0,1
984,700,0,1,185,0,3,0,0,0,0,0,0,0,0,0,0,1,0,0,1,0,0,0,0,0,0,1
985,700,0,1,175,0,3,0,0,0,0,0,0,0,0,0,0,0,1,0,0,0,0,0,0,0,0,1
986,50,0,1,0,0,3,0,0,0,1,0,0,0,0,0,0,0,0,0,1,0,0,1,0,0,0,0
987,50,0,1,0,0,3,0,0,0,1,0,0,0,0,0,0,0,0,0,1,0,0,1,0,0,0,0
988,50,0,1,0,0,3,0,0,0,1,0,0,0,0,0,0,0,0,0,1,0,0,1,0,0,0,0
989,40,0,1,0,0,3,0,0,0,0,1,0,0,0,0,0,0,0,0,1,0,0,1,0,0,0,0
990,350,0,0,140,15,4,282,1,0,0,0,0,0,0,0,0,1,0,0,0,0,0,1,0,0,0,0
991,280,0,1,50,120,4,164,0,0,0,0,0,0,1,0,0,0,0,0,0,0,0,1,0,0,0,0
992,700,0,1,585,0,4,0,0,0,0,0,0,0,0,0,0,0,1,0,0,0,0,0,0,0,0,1
993,700,0,1,680,0,4,0,0,0,0,0,0,0,0,0,0,1,0,0,0,0,0,0,0,0,0,1
994,50,0,0,0,30,4,234,1,0,0,0,0,0,0,0,0,0,0,0,1,0,0,0,0,0,0,0
995,265,0,1,150,90,5,148,0,0,0,0,0,0,0,0,0,0,1,0,0,0,0,0,1,0,0,0
996,265,0,1,150,120,5,321,0,0,0,0,0,0,0,0,0,0,1,0,0,0,0,0,1,0,0,0
997,250,0,1,330,0,6,0,0,0,0,0,0,0,0,0,0,0,1,0,0,0,0,0,0,0,0,1
998,180,0,0,30,0,6,0,0,1,0,0,0,0,0,0,0,0,0,0,0,0,0,0,0,0,0,1
999,350,0,0,275,30,0,483,1,0,0,0,0,0,0,0,0,1,0,0,0,0,0,1,0,0,0,0
1000,265,0,1,375,90,0,130,0,0,0,0,0,0,0,0,0,0,1,0,0,0,0,0,1,0,0,0
1001,600,0,1,165,0,0,0,0,0,0,0,0,0,0,0,0,0,1,0,0,0,0,0,0,0,0,1
1002,600,0,1,165,0,0,0,0,0,0,0,0,0,0,0,0,1,0,0,0,0,0,0,0,0,0,1
1003,50,0,1,0,50,0,1755,0,0,0,0,0,0,1,0,0,0,0,0,1,0,0,1,0,0,0,0
1004,50,0,1,0,60,0,1710,0,0,0,0,0,0,1,0,0,0,0,0,1,0,0,1,0,0,0,0
1005,50,0,0,0,15,0,278,1,0,0,0,0,0,0,0,0,0,0,0,1,0,0,1,0,0,0,0
1006,50,0,0,0,45,0,187,1,0,0,0,0,0,0,0,0,0,0,0,1,0,0,1,0,0,0,0
1007,265,0,1,180,90,1,211,0,0,0,0,0,0,0,0,0,0,1,0,0,0,0,0,0,0,1,0
1008,250,0,1,150,0,1,0,0,0,0,0,0,0,0,0,0,0,1,0,0,0,0,0,0,0,0,1
1009,280,0,1,290,90,1,167,0,0,0,0,0,0,1,0,0,0,0,0,0,0,0,1,0,0,0,0
1010,700,0,1,210,0,1,0,0,0,0,0,0,0,0,0,0,0,1,0,0,0,0,0,0,0,0,1
1011,700,0,1,280,0,1,0,0,0,0,0,0,0,0,0,0,1,0,0,0,0,0,0,0,0,0,1
1012,50,0,1,0,100,1,164,0,0,0,0,0,0,0,0,0,0,0,0,1,0,0,0,0,0,1,0
1013,40,0,1,0,120,1,195,0,0,0,1,0,0,0,0,0,0,0,0,1,0,0,0,0,0,0,0
1014,350,0,0,315,30,2,379,1,0,0,0,0,0,0,0,0,1,0,0,0,0,0,1,0,0,0,0
1015,285,0,1,240,0,2,0,0,0,1,0,0,0,0,0,1,0,0,0,0,0,0,0,0,0,0,1
1016,180,0,0,60,0,2,0,0,1,0,0,0,0,0,0,0,0,0,0,0,0,0,0,0,0,0,1
1017,850,0,0,390,0,2,0,0,0,0,0,0,0,0,0,0,0,1,0,0,0,0,0,0,0,0,1
1018,50,0,0,0,45,2,586,1,0,0,0,0,0,0,0,0,0,0,0,1,0,0,1,0,0,0,0
1019,250,0,1,240,0,3,0,0,0,0,0,0,0,0,0,0,0,1,0,0,0,0,0,0,0,0,1
1020,265,0,1,370,110,3,129,0,0,0,0,0,0,0,0,0,0,1,0,0,0,0,0,0,1,0,0
1021,280,0,1,120,90,3,195,0,0,0,0,0,0,1,0,0,0,1,0,0,0,0,0,0,0,0,0
1022,265,0,1,45,20,4,157,0,0,0,0,0,0,0,0,0,0,0,0,0,0,0,0,0,1,0,0
1023,250,0,1,270,0,4,0,0,0,0,0,0,0,0,0,0,0,1,0,0,0,0,0,0,0,0,1
1024,285,0,0,55,120,4,214,0,0,1,0,0,0,0,0,0,0,0,0,0,0,0,1,0,0,0,0
1025,285,0,0,85,0,4,0,0,0,1,0,0,0,0,0,1,0,0,0,0,0,0,0,0,0,0,1
1026,180,0,1,120,0,4,0,0,1,0,0,0,0,0,0,0,0,1,0,0,0,0,0,0,0,0,1
1027,50,0,1,0,95,4,180,0,0,0,0,0,0,0,0,0,0,0,0,1,0,0,0,0,0,1,0
1028,50,0,1,0,40,4,87,0,0,1,0,0,0,0,0,0,0,0,0,1,0,0,1,0,0,0,0
1029,40,0,1,0,105,4,181,0,0,0,1,0,0,0,0,0,0,0,0,1,0,0,1,0,0,0,0
1030,265,0,1,335,0,5,155,0,0,0,0,0,0,0,0,0,0,1,0,0,0,0,0,1,0,0,0
1031,280,0,1,50,105,5,180,0,0,0,0,0,0,1,0,0,0,0,0,0,0,0,1,0,0,0,0
1032,180,0,0,60,0,5,0,0,1,0,0,0,0,0,0,0,0,0,0,0,0,0,0,0,0,0,1
1033,50,0,1,0,105,5,224,0,1,0,0,0,0,0,0,0,0,0,0,1,0,0,1,0,0,0,0
1034,300,0,0,720,0,5,0,0,0,0,0,0,0,0,0,0,0,1,0,1,0,0,0,0,0,0,1
1035,250,0,1,390,0,6,0,0,0,0,0,0,0,0,0,0,0,1,0,0,0,0,0,0,0,0,1
1036,280,0,1,140,0,0,0,0,0,0,0,0,0,1,0,0,0,1,0,0,0,0,0,0,0,0,1
1037,285,0,1,195,120,0,125,0,0,1,0,0,0,0,0,1,0,0,0,0,0,0,1,0,0,0,0
1038,50,0,0,0,15,0,63,1,0,0,0,0,0,0,0,0,0,0,0,1,0,0,1,0,0,0,0
1039,250,0,1,190,0,1,0,0,0,0,0,0,0,0,0,0,0,1,0,0,0,0,0,0,0,0,1
1040,250,0,1,365,0,1,0,0,0,0,0,0,0,0,0,0,0,1,0,0,0,0,0,0,0,0,1
1041,180,0,0,45,0,1,0,0,1,0,0,0,0,0,0,0,0,0,0,0,0,0,0,0,0,0,1
1042,50,0,1,0,120,1,155,0,0,0,0,0,0,0,0,0,0,0,0,1,0,0,0,1,0,0,0
1043,350,0,0,185,30,2,571,1,0,0,0,0,0,0,0,0,1,0,0,0,0,0,1,0,0,0,0
1044,250,0,1,285,0,2,0,0,0,0,0,0,0,0,0,0,0,1,0,0,0,0,0,0,0,0,1
1045,265,0,1,135,75,2,130,0,0,0,0,0,0,0,0,0,0,1,0,0,0,0,0,1,0,0,0
1046,50,0,0,0,31,2,527,1,0,0,0,0,0,0,0,0,0,0,0,1,0,0,1,0,0,0,0
1047,50,0,1,0,120,2,270,0,0,0,0,0,0,0,0,0,0,0,0,1,0,0,0,1,0,0,0
1048,250,0,1,230,0,3,0,0,0,0,0,0,0,0,0,0,0,1,0,0,0,0,0,0,0,0,1
1049,250,0,1,160,0,3,0,0,0,0,0,0,0,0,0,0,0,1,0,0,0,0,0,0,0,0,1
1050,180,0,1,60,0,3,0,0,1,0,0,0,0,0,0,0,0,1,0,0,0,0,0,0,0,0,1
1051,40,0,1,0,120,3,195,0,0,0,1,0,0,0,0,0,0,0,0,1,0,0,0,0,0,0,0
1052,350,0,0,120,60,4,116,1,0,0,0,0,0,0,0,0,1,0,0,0,0,0,1,0,0,0,0
1053,265,0,1,285,90,4,231,0,0,0,0,0,0,0,0,0,1,0,0,0,0,0,0,1,0,0,0
1054,250,0,1,250,0,4,0,0,0,0,0,0,0,0,0,0,0,1,0,0,0,0,0,0,0,0,1
1055,280,0,1,180,120,4,162,0,0,0,0,0,0,1,0,0,0,1,0,0,0,0,1,0,0,0,0
1056,285,1,1,340,60,4,257,0,0,1,0,0,0,0,0,0,0,1,0,0,0,0,0,0,0,0,1
1057,180,0,0,220,0,4,0,0,1,0,0,0,0,0,0,1,0,0,0,0,0,0,0,0,0,0,1
1058,50,0,1,0,120,4,270,0,0,0,0,0,0,0,0,0,0,0,0,1,0,0,0,1,0,0,0
1059,250,0,1,180,15,5,167,0,0,0,0,0,0,0,0,0,0,1,0,0,0,0,0,1,0,0,0
1060,265,0,1,80,90,6,0,0,0,0,0,0,0,0,0,0,0,1,0,0,0,0,0,0,1,0,0
1061,50,0,1,0,60,6,134,0,0,0,0,0,0,0,0,0,0,0,0,1,0,0,0,0,1,0,0
1062,265,0,1,180,120,0,0,0,0,0,0,0,0,0,0,0,0,1,0,0,0,0,0,0,0,0,1
1063,250,0,1,510,0,0,0,0,0,0,0,0,0,0,0,0,0,1,0,0,0,0,0,0,0,0,1
1064,280,0,1,150,90,0,177,0,0,0,0,0,0,1,0,0,0,1,0,0,0,0,1,0,0,0,0
1065,350,0,0,210,15,1,655,1,0,0,0,0,0,0,0,0,1,0,0,0,0,0,1,0,0,0,0
1066,250,0,1,440,0,1,0,0,0,0,0,0,0,0,0,0,0,1,0,0,0,0,0,0,0,0,1
1067,250,0,1,215,0,1,0,0,0,0,0,0,0,0,0,0,0,1,0,0,0,0,0,0,0,0,1
1068,280,0,1,60,90,1,210,0,0,0,0,0,0,1,0,0,0,0,0,0,0,0,0,0,0,0,0
1069,50,0,1,0,390,1,0,0,0,0,0,0,0,0,0,0,0,0,0,1,0,0,0,0,0,0,1
1070,50,0,0,0,15,1,108,1,0,0,0,0,0,0,0,0,0,0,0,1,0,0,1,0,0,0,0
1071,350,0,0,180,39,2,358,1,0,0,0,0,0,0,0,0,0,0,0,0,0,0,1,0,0,0,0
1072,250,0,1,190,0,2,0,0,0,0,0,0,0,0,0,0,1,0,0,0,0,0,0,0,0,0,1
1073,265,1,1,390,120,2,917,0,0,0,0,0,0,0,0,0,0,1,0,0,0,0,0,1,0,0,0
1074,280,0,1,205,120,2,211,0,0,0,0,0,0,1,0,0,0,1,0,0,0,0,1,0,0,0,0
1075,285,1,1,225,40,2,176,0,0,1,0,0,0,0,0,1,0,0,0,0,0,0,0,0,0,0,0
1076,285,0,1,60,55,2,304,0,0,1,0,0,0,0,0,1,0,0,0,0,0,0,1,0,0,0,0
1077,50,0,1,0,31,2,222,0,0,1,0,0,0,0,0,0,0,0,0,1,0,0,1,0,0,0,0
1078,50,0,1,0,120,2,0,0,0,0,0,0,0,0,0,0,0,0,0,1,0,0,0,0,0,0,1
1079,50,0,1,0,120,2,148,0,0,0,0,0,0,0,0,0,0,0,0,0,0,0,0,0,0,1,0
1080,250,0,1,430,0,3,0,0,0,0,0,0,0,0,0,0,0,1,0,0,0,0,0,0,0,0,1
1081,250,0,1,60,0,3,0,0,0,0,0,0,0,0,0,0,0,1,0,0,0,0,0,0,0,0,1
1082,285,0,1,285,0,3,0,0,0,1,0,0,0,0,0,0,0,0,0,0,0,0,0,0,0,0,1
1083,285,0,0,180,0,3,0,0,0,1,0,0,0,0,0,1,0,0,0,0,0,0,0,0,0,0,1
1084,280,0,1,380,100,3,235,0,0,0,0,0,0,1,0,0,0,1,0,0,0,0,1,0,0,0,0
1085,50,0,1,0,60,3,384,0,0,1,0,0,0,0,0,0,0,0,0,1,0,0,0,0,0,0,1
1086,50,0,1,0,120,3,263,0,0,0,0,0,0,0,0,0,0,0,0,1,0,0,0,0,0,1,0
1087,300,0,0,245,0,4,0,1,0,0,0,0,0,0,0,0,1,0,0,0,0,0,0,0,0,0,1
1088,750,1,1,490,0,4,0,0,0,0,0,0,0,0,0,0,0,1,0,0,0,0,0,0,0,0,1
1089,265,0,1,360,100,4,164,0,0,0,0,0,0,0,0,0,0,1,0,0,0,0,0,0,0,1,0
1090,285,1,1,95,20,4,60,0,0,1,0,0,0,0,0,1,0,0,0,0,0,0,1,0,0,0,0
1091,285,1,0,470,0,4,0,0,0,1,0,0,0,0,0,0,0,1,0,0,0,0,0,0,0,0,1
1092,280,0,1,460,60,4,186,0,0,0,0,0,0,1,0,0,1,0,0,0,0,0,1,0,0,0,0
1093,180,0,0,45,0,4,0,0,1,0,0,0,0,0,0,0,0,0,0,0,0,0,0,0,0,0,1
1094,50,0,1,0,30,4,343,0,0,1,0,0,0,0,0,0,0,0,0,1,0,0,1,0,0,0,0
1095,50,0,1,0,70,4,643,0,0,1,0,0,0,0,0,0,0,0,0,1,0,0,1,0,0,0,0
1096,50,0,0,0,30,4,113,0,0,1,0,0,0,0,0,0,0,0,0,1,0,0,1,0,0,0,0
1097,50,0,1,0,180,4,0,0,0,0,0,0,0,0,0,0,0,0,0,1,0,0,0,0,0,0,1
1098,265,0,1,400,70,5,167,0,0,0,0,0,0,0,0,0,0,1,0,0,0,0,0,0,0,1,0
1099,265,0,1,135,230,5,0,0,0,0,0,0,0,0,0,0,0,1,0,0,0,0,0,0,0,0,1
1100,280,0,1,135,90,5,148,0,0,0,0,0,0,1,0,0,0,1,0,0,0,0,1,0,0,0,0
1101,285,1,0,190,0,5,0,0,0,1,0,0,0,0,0,0,0,1,0,0,0,0,0,0,0,0,1
1102,180,0,0,60,0,6,0,0,1,0,0,0,0,0,0,0,0,0,0,0,0,0,0,0,0,0,1
1103,50,0,1,0,120,6,167,0,0,0,0,0,0,0,0,0,0,0,0,1,0,0,0,1,0,0,0
1104,350,0,0,100,30,0,309,1,0,0,0,0,0,0,0,0,1,0,0,0,0,0,1,0,0,0,0
1105,265,0,1,120,15,0,165,0,0,0,0,0,0,0,0,0,0,0,0,0,0,0,0,0,0,1,0
1106,280,0,1,135,90,0,161,0,0,0,0,0,0,1,0,0,0,1,0,0,0,0,1,0,0,0,0
1107,180,0,1,110,0,0,0,0,1,0,0,0,0,0,0,0,0,1,0,0,0,0,0,0,0,0,1
1108,50,0,1,0,60,0,1453,0,0,0,0,0,0,0,0,0,0,0,0,1,0,0,1,0,0,0,0
1109,50,0,1,0,150,0,300,0,0,0,0,0,0,0,0,0,0,0,0,1,0,0,0,1,0,0,0
1110,40,0,1,0,120,0,196,0,0,0,1,0,0,0,0,0,0,0,0,1,0,0,1,0,0,0,0
1111,350,0,0,60,60,1,240,1,0,0,0,0,0,0,0,0,0,0,0,0,0,0,1,0,0,0,0
1112,265,0,1,255,90,1,215,0,0,0,0,0,0,0,0,0,0,1,0,0,0,0,0,1,0,0,0
1113,265,0,1,225,120,1,166,0,0,0,0,0,0,0,0,0,0,0,0,0,0,0,0,1,0,0,0
1114,280,0,1,60,90,1,164,0,0,0,0,0,0,1,0,0,0,0,0,0,0,0,1,0,0,0,0
1115,265,0,1,200,90,2,144,0,0,0,0,0,0,0,0,0,0,0,0,0,0,0,0,1,0,0,0
1116,285,0,1,100,30,2,257,0,0,1,0,0,0,0,0,1,0,0,0,0,0,0,1,0,0,0,0
1117,50,0,1,0,210,2,480,0,0,0,0,0,0,0,0,0,0,0,0,1,0,0,0,1,0,0,0
1118,350,0,0,205,120,3,204,1,0,0,0,0,0,0,0,0,1,0,0,0,0,0,1,0,0,0,0
1119,265,0,1,240,90,3,150,0,0,0,0,0,0,0,0,0,0,1,0,0,0,0,0,1,0,0,0
1120,265,0,1,340,90,4,159,0,0,0,0,0,0,0,0,0,0,1,0,0,0,0,0,1,0,0,0
1121,280,0,1,510,0,4,0,0,0,0,0,0,0,1,0,0,0,1,0,0,0,0,0,0,0,0,1
1122,50,0,0,0,20,4,60,1,0,0,0,0,0,0,0,0,0,0,0,1,0,0,1,0,0,0,0
1123,265,0,1,120,20,5,165,0,0,0,0,0,0,0,0,0,0,1,0,0,1,0,0,1,0,0,0
1124,50,0,1,0,90,5,197,0,0,0,0,0,0,1,0,0,0,0,0,1,0,0,1,0,0,0,0
1125,50,0,1,0,20,5,68,0,0,0,0,0,0,0,0,0,0,0,0,1,0,0,0,1,0,0,0
1126,750,1,1,365,90,6,906,0,0,0,0,0,0,0,0,0,0,1,0,0,1,0,0,0,1,0,0
1127,350,0,1,120,20,0,114,1,0,0,0,0,0,0,0,0,0,0,0,0,1,0,1,0,0,0,0
1128,265,1,1,480,120,0,158,0,0,0,0,0,0,0,0,0,0,0,0,0,1,0,1,0,0,0,0
1129,275,0,1,675,0,0,0,0,0,0,0,0,0,0,0,0,0,1,0,0,1,0,0,0,0,0,1
1130,300,0,1,360,83,0,149,0,0,0,0,0,1,0,0,0,0,1,0,0,1,0,1,0,0,0,0
1131,280,1,1,425,120,0,214,0,0,0,0,0,0,1,0,0,1,0,0,0,1,0,1,0,0,0,0
1132,285,1,0,355,0,0,0,0,0,1,0,0,0,0,0,1,0,0,0,0,0,0,0,0,0,0,1
1133,50,0,1,0,120,0,143,0,0,0,0,0,0,0,0,0,0,0,0,1,0,0,0,0,1,0,0
1134,40,0,1,0,180,0,189,0,0,0,1,0,0,0,0,0,0,0,0,1,0,0,1,0,0,0,0
1135,300,0,0,185,0,1,0,1,0,0,0,0,0,0,0,0,1,0,0,0,0,0,0,0,0,0,1
1136,250,0,1,175,0,1,0,0,0,0,0,0,0,0,0,0,0,1,0,0,0,0,0,0,0,0,1
1137,250,0,1,145,0,1,0,0,0,0,0,0,0,0,0,0,0,1,0,0,0,0,0,0,0,0,1
1138,285,0,0,210,30,1,124,0,0,1,0,0,0,0,0,1,0,0,0,0,0,0,1,0,0,0,0
1139,285,0,0,75,0,1,0,0,0,1,0,0,0,0,0,1,0,0,0,0,0,0,0,0,0,0,1
1140,280,0,0,330,0,1,0,0,0,0,0,0,0,1,0,0,0,1,0,0,0,0,0,0,0,0,1
1141,230,0,0,320,90,1,243,0,1,0,0,0,0,0,0,0,0,1,0,0,0,0,1,0,0,0,0
1142,40,0,1,0,120,1,180,0,0,0,1,0,0,0,0,0,0,0,0,1,0,0,0,0,0,0,0
1143,350,0,0,60,30,2,174,1,0,0,0,0,0,0,0,0,1,0,0,0,0,0,1,0,0,0,0
1144,250,0,1,525,0,2,0,0,0,0,0,0,0,0,0,0,0,1,0,0,0,0,0,0,0,0,1
1145,50,0,1,0,120,2,250,0,0,0,0,0,0,1,0,0,0,0,0,1,0,0,1,0,0,0,0
1146,50,0,0,0,10,2,360,1,0,0,0,0,0,0,0,0,0,0,0,1,0,0,1,0,0,0,0
1147,265,1,1,360,80,3,125,0,0,0,0,0,0,0,0,0,0,0,0,0,0,0,0,0,1,0,0
1148,280,1,1,240,70,3,180,0,0,0,0,0,0,1,0,0,0,0,0,0,0,0,1,0,0,0,0
1149,285,1,1,500,0,3,0,0,0,1,0,0,0,0,0,1,0,0,0,0,0,0,0,0,0,0,1
1150,50,0,1,0,90,3,275,0,0,0,0,0,0,0,0,0,0,0,0,1,0,0,0,1,0,0,0
1151,50,0,0,0,30,3,379,1,0,0,0,0,0,0,0,0,0,0,0,1,0,0,1,0,0,0,0
1152,265,0,1,60,10,4,131,0,0,0,0,0,0,0,0,0,0,0,0,0,0,0,0,0,1,0,0
1153,285,0,1,220,40,4,320,0,0,1,0,0,0,0,0,1,0,0,0,0,0,0,0,0,0,0,0
1154,180,0,0,60,0,4,0,0,1,0,0,0,0,0,0,0,0,0,0,0,0,0,0,0,0,0,1
1155,250,0,1,315,0,5,0,0,0,0,0,0,0,0,0,0,0,1,0,0,1,0,0,0,0,0,1
1156,280,0,1,395,105,5,155,0,0,0,0,0,0,1,0,0,0,1,0,0,1,0,1,0,0,0,0
1157,50,0,1,0,60,5,131,0,0,0,0,0,0,1,0,0,0,0,0,1,0,0,0,0,0,0,0
1158,250,0,1,55,0,6,0,0,0,0,0,0,0,0,0,0,0,1,0,0,0,0,0,0,0,0,1
1159,280,0,1,270,90,6,184,0,0,0,0,0,0,1,0,0,0,1,0,0,0,0,1,0,0,0,0
1160,180,0,0,60,0,6,0,0,1,0,0,0,0,0,0,0,0,1,0,0,0,0,0,0,0,0,1
1161,180,0,0,100,0,6,0,0,1,0,0,0,0,0,0,0,0,1,0,0,0,0,0,0,0,0,1
1162,350,0,1,140,30,0,580,1,0,0,0,0,0,0,0,0,1,0,0,0,0,0,0,0,0,0,0
1163,265,0,1,425,90,0,148,0,0,0,0,0,0,0,0,0,0,1,0,0,0,0,0,1,0,0,0
1164,280,0,1,90,60,0,149,0,0,0,0,0,0,1,0,0,0,1,0,0,0,0,1,0,0,0,0
1165,180,0,0,40,0,0,0,0,1,0,0,0,0,0,0,0,0,0,0,0,0,0,0,0,0,0,1
1166,285,1,1,290,0,0,0,0,0,1,0,0,0,0,0,1,0,0,0,0,0,0,0,0,0,0,1
1167,40,0,1,0,60,0,190,0,0,0,1,0,0,0,0,0,0,0,0,1,0,0,1,0,0,0,0
1168,265,0,1,180,60,1,400,0,0,0,0,0,0,0,0,0,0,1,0,0,0,0,0,1,0,0,0
1169,250,0,1,100,0,1,0,0,0,0,0,0,0,0,0,0,0,1,0,0,0,0,0,0,0,0,1
1170,350,0,0,320,30,2,706,1,0,0,0,0,0,0,0,0,1,0,0,0,0,0,1,0,0,0,0
1171,250,0,1,170,0,2,0,0,0,0,0,0,0,0,0,0,0,1,0,0,0,0,0,0,0,0,1
1172,250,0,1,150,0,2,0,0,0,0,0,0,0,0,0,0,0,0,0,0,0,0,0,0,0,0,1
1173,285,0,0,155,0,2,0,0,0,1,0,0,0,0,0,1,0,0,0,0,0,0,0,0,0,0,1
1174,280,0,1,300,90,2,247,0,0,0,0,0,0,1,0,0,0,1,0,0,0,0,1,0,0,0,0
1175,50,0,1,0,30,2,1787,0,0,0,0,0,0,1,0,0,0,0,0,1,0,0,1,0,0,0,0
1176,40,0,1,0,90,2,195,0,0,0,1,0,0,0,0,0,0,0,0,1,0,0,0,0,0,0,0
1177,265,0,1,305,120,3,156,0,0,0,0,0,0,0,0,0,0,1,0,0,0,0,0,1,0,0,0
1178,280,0,1,330,60,3,2444,0,0,0,0,0,0,1,0,0,0,1,0,0,0,0,1,0,0,0,0
1179,800,0,0,420,0,3,0,0,0,0,0,0,0,0,0,0,0,0,0,1,0,0,0,0,0,0,1
1180,350,0,0,420,750,4,752,1,0,0,0,0,0,0,0,0,1,0,0,0,0,0,1,0,0,0,0
1181,265,0,1,420,105,4,158,0,0,0,0,0,0,0,0,0,0,1,0,0,0,0,0,0,1,0,0
1182,250,0,1,300,0,4,0,0,0,0,0,0,0,0,0,0,1,0,0,0,0,0,0,0,0,0,1
1183,285,1,1,75,0,4,0,0,0,1,0,0,0,0,0,1,0,0,0,0,0,0,0,0,0,0,1
1184,280,0,1,125,60,4,194,0,0,0,0,0,0,1,0,0,0,1,0,0,0,0,1,0,0,0,0
1185,800,0,0,510,0,4,0,0,0,0,0,0,0,0,0,0,0,0,0,1,0,0,0,0,0,0,1
1186,265,0,1,200,120,5,353,0,0,0,0,0,0,0,0,0,0,1,0,0,0,0,0,1,0,0,0
1187,250,0,1,305,0,5,0,0,0,0,0,0,0,0,0,0,0,1,0,0,0,0,0,0,0,0,1
1188,180,0,0,75,0,5,0,0,1,0,0,0,0,0,0,0,0,0,0,0,0,0,0,0,0,0,1
1189,50,0,1,0,90,5,260,0,0,0,0,0,0,0,0,0,0,0,0,1,0,0,0,1,0,0,0
1190,265,0,1,95,0,6,0,0,0,0,0,0,0,0,0,0,0,0,0,0,0,0,0,0,0,0,1
1191,280,0,1,115,60,6,124,0,0,0,0,0,0,1,0,0,0,0,0,0,0,0,1,0,0,0,0
1192,180,0,0,120,0,6,0,0,1,0,0,0,0,0,0,0,0,0,0,0,0,0,0,0,0,0,1
1193,280,0,1,70,90,0,174,0,0,0,0,0,0,1,0,0,0,1,0,0,0,0,1,0,0,0,0
1194,180,0,0,170,0,0,0,0,1,0,0,0,0,0,0,0,0,1,0,0,0,0,0,0,0,0,1
1195,300,0,0,155,0,1,0,1,0,0,0,0,0,0,0,0,1,0,0,0,0,0,0,0,0,0,1
1196,265,0,1,395,120,1,150,0,0,0,0,0,0,0,0,0,0,1,0,0,0,0,0,0,0,1,0
1197,280,0,1,70,60,1,150,0,0,0,0,0,0,1,0,0,0,0,0,0,0,0,1,0,0,0,0
1198,285,0,0,310,0,1,0,0,0,1,0,0,0,0,0,1,0,0,0,0,0,0,0,0,0,0,1
1199,285,1,1,70,0,1,0,0,0,1,0,0,0,0,0,1,0,0,0,0,0,0,0,0,0,0,1
1200,40,0,1,0,90,1,180,0,0,0,1,0,0,0,0,0,0,0,0,1,0,0,1,0,0,0,0
1201,250,0,1,215,0,2,0,0,0,0,0,0,0,0,0,0,0,1,0,0,0,0,0,0,0,0,1
1202,265,0,1,95,120,2,161,0,0,0,0,0,0,0,0,0,0,1,0,0,0,0,0,0,0,1,0
1203,250,0,1,60,0,2,0,0,0,0,0,0,0,0,0,0,0,1,0,0,0,0,0,0,0,0,1
1204,280,0,1,150,30,2,179,0,0,0,0,0,0,1,0,0,0,1,0,0,0,0,0,0,0,0,0
1205,285,0,1,85,60,2,241,0,0,1,0,0,0,0,0,1,0,0,0,0,0,0,1,0,0,0,0
1206,285,1,0,210,0,2,0,0,0,1,0,0,0,0,0,0,1,0,0,0,0,0,0,0,0,0,1
1207,350,0,0,75,20,3,138,1,0,0,0,0,0,0,0,0,0,0,0,0,0,0,0,0,0,0,0
1208,265,0,1,310,120,3,138,0,0,0,0,0,0,0,0,0,0,1,0,0,0,0,0,0,0,1,0
1209,280,0,1,340,60,3,158,0,0,0,0,0,0,1,0,0,0,0,0,0,0,0,1,0,0,0,0
1210,285,1,1,130,30,3,105,0,0,1,0,0,0,0,0,0,0,0,0,0,0,0,0,0,0,0,0
1211,180,0,0,75,0,3,0,0,1,0,0,0,0,0,0,0,0,0,0,0,0,0,0,0,0,0,1
1212,265,0,1,105,90,4,140,0,0,0,0,0,0,0,0,0,0,1,0,0,0,0,0,1,0,0,0
1213,265,0,1,250,90,4,140,0,0,0,0,0,0,0,0,0,1,0,0,0,0,0,0,1,0,0,0
1214,280,0,1,190,120,4,209,0,0,0,0,0,0,1,0,0,0,1,0,0,0,0,1,0,0,0,0
1215,285,1,0,155,0,4,0,0,0,1,0,0,0,0,0,1,0,0,0,0,0,0,0,0,0,0,1
1216,250,0,1,620,0,5,0,0,0,0,0,0,0,0,0,0,0,1,0,0,0,0,0,0,0,0,1
1217,280,0,1,245,75,5,222,0,0,0,0,0,0,1,0,0,0,1,0,0,0,0,1,0,0,0,0
1218,50,0,1,0,120,5,300,0,0,0,0,0,0,0,0,0,0,0,0,1,0,0,0,1,0,0,0
1219,50,0,1,0,105,6,167,0,0,0,0,0,0,0,0,0,0,0,0,1,0,0,0,0,1,0,0
1220,350,0,0,420,20,0,47,1,0,0,0,0,0,0,0,0,1,0,0,0,0,0,1,0,0,0,0
1221,265,0,1,105,90,0,150,0,0,0,0,0,0,0,0,0,0,1,0,0,0,0,0,1,0,0,0
1222,250,0,1,105,0,0,0,0,0,0,0,0,0,0,0,0,0,1,0,0,0,0,0,0,0,0,1
1223,280,0,1,145,75,0,174,0,0,0,0,0,0,1,0,0,0,0,0,0,0,0,0,0,0,0,0
1224,180,0,0,115,0,0,0,0,1,0,0,0,0,0,0,0,0,0,0,0,0,0,0,0,0,0,1
1225,265,0,1,235,30,1,252,0,0,0,0,0,0,0,0,0,0,0,0,0,0,0,0,1,0,0,0
1226,280,0,1,110,90,1,161,0,0,0,0,0,0,1,0,0,0,1,0,0,0,0,1,0,0,0,0
1227,50,0,1,0,30,1,130,0,0,0,0,0,0,0,0,0,0,0,0,1,0,0,0,1,0,0,0
1228,250,0,1,195,0,2,0,0,0,0,0,0,0,0,0,0,0,1,0,0,0,0,0,0,0,0,1
1229,250,0,0,150,0,2,0,0,0,0,0,0,0,1,0,0,0,0,0,0,0,0,0,0,0,0,1
1230,285,0,1,360,25,2,178,0,0,1,0,0,0,0,0,1,0,0,0,0,0,0,1,0,0,0,0
1231,180,0,1,90,0,2,0,0,1,0,0,0,0,0,0,0,1,0,0,0,0,0,0,0,0,0,1
1232,50,0,0,0,15,2,30,1,0,0,0,0,0,0,0,0,0,0,0,1,0,0,1,0,0,0,0
1233,50,0,1,0,84,2,137,0,0,1,0,0,0,0,0,0,0,0,0,1,0,0,1,0,0,0,0
1234,50,0,1,0,15,2,347,0,0,1,0,0,0,0,0,0,0,0,0,1,0,0,1,0,0,0,0
1235,265,1,1,295,90,3,160,0,0,0,0,0,0,0,0,0,0,0,0,0,0,0,0,1,0,0,0
1236,285,1,1,270,20,3,67,0,0,1,0,0,0,0,0,1,0,0,0,0,0,0,1,0,0,0,0
1237,285,0,1,340,0,3,0,0,0,1,0,0,0,0,0,1,0,0,0,0,0,0,0,0,0,0,1
1238,280,0,1,240,80,3,210,0,0,0,0,0,0,1,0,0,0,0,0,0,0,0,1,0,0,0,0
1239,50,0,0,0,20,3,152,1,0,0,0,0,0,0,0,0,0,0,0,1,0,0,1,0,0,0,0
1240,285,0,1,195,0,4,0,0,0,1,0,0,0,0,0,1,0,0,0,0,0,0,0,0,0,0,1
1241,50,0,1,0,150,4,170,0,0,0,0,0,0,0,0,0,0,0,0,1,0,0,0,1,0,0,0
1242,265,0,1,405,110,5,302,0,0,0,0,0,0,0,0,0,0,1,0,0,0,0,0,0,0,1,0
1243,285,0,1,330,65,5,239,0,0,1,0,0,0,0,0,1,0,0,0,0,0,0,1,0,0,0,0
1244,50,0,0,0,30,5,339,0,0,1,0,0,0,0,0,0,0,0,0,1,0,0,1,0,0,0,0
1245,250,0,1,300,0,6,0,0,0,0,0,0,0,0,0,0,0,1,0,0,0,0,0,0,0,0,1
1246,50,0,1,360,0,6,0,0,0,0,0,0,0,0,0,0,0,1,0,1,0,0,0,0,0,0,1
1247,280,0,1,175,90,6,216,0,0,0,0,0,0,1,0,0,0,0,0,0,0,0,0,0,0,0,0
1248,300,0,0,205,0,0,0,1,0,0,0,0,0,0,0,0,1,0,0,0,0,0,0,0,0,0,1
1249,265,0,1,390,90,0,152,0,0,0,0,0,0,0,0,0,0,0,0,0,0,0,0,1,0,0,0
1250,280,1,1,270,85,0,178,0,0,0,0,0,0,1,0,0,0,0,0,0,0,0,0,0,0,0,1
1251,285,1,1,270,0,0,0,0,0,1,0,0,0,0,0,0,0,0,0,0,0,0,0,0,0,0,1
1252,180,0,0,130,0,0,0,0,1,0,0,0,0,0,0,0,0,0,0,0,0,0,0,0,0,0,1
1253,50,0,1,0,120,0,192,0,0,0,0,0,0,0,0,0,0,0,0,1,0,0,0,1,0,0,0
1254,40,0,1,0,120,0,196,0,0,0,1,0,0,0,0,0,0,0,0,1,0,0,1,0,0,0,0
1255,350,0,0,180,30,1,164,1,0,0,0,0,0,0,0,0,1,0,0,0,0,0,1,0,0,0,0
1256,350,0,1,380,0,1,0,0,0,0,0,0,0,0,0,0,0,1,0,0,0,0,0,0,0,0,1
1257,265,0,1,195,0,1,0,0,0,0,0,0,0,0,0,0,0,1,0,0,0,0,0,0,0,0,1
1258,285,0,1,325,30,1,330,0,0,1,0,0,0,0,0,1,0,0,0,0,0,0,0,0,0,0,1
1259,280,0,1,180,85,1,153,0,0,0,0,0,0,1,0,0,0,1,0,0,0,0,1,0,0,0,0
1260,50,0,1,0,120,1,156,0,0,0,0,0,0,0,0,0,0,0,0,1,0,0,0,1,0,0,0
1261,50,0,1,0,30,1,153,0,0,1,0,0,0,0,0,0,0,0,0,1,0,0,1,0,0,0,0
1262,320,1,1,740,120,2,168,0,0,0,0,0,0,0,0,0,0,1,0,0,0,0,0,0,1,0,0
1263,250,0,1,280,0,2,0,0,0,0,0,0,0,0,0,0,0,1,0,0,0,0,0,0,0,0,1
1264,390,1,0,860,60,2,141,0,0,0,0,0,0,1,0,0,0,1,0,0,0,0,1,0,0,0,0
1265,285,0,0,510,30,2,350,0,0,1,0,0,0,0,0,1,0,0,0,0,0,0,1,0,0,0,0
1266,50,0,0,0,75,2,127,0,0,1,0,0,0,0,0,0,0,0,0,1,0,0,1,0,0,0,0
1267,750,1,1,700,0,3,0,0,0,0,0,0,0,0,0,0,0,1,0,0,0,0,0,0,0,0,1
1268,250,0,1,395,0,3,0,0,0,0,0,0,0,0,0,0,0,1,0,0,0,0,0,0,0,0,1
1269,310,0,1,780,60,3,274,0,0,0,0,0,0,1,0,0,0,1,0,0,0,0,1,0,0,0,0
1270,285,0,1,250,60,3,1040,0,0,1,0,0,0,0,0,1,0,0,0,0,0,0,1,0,0,0,0
1271,340,0,0,705,0,3,0,0,0,1,0,0,0,0,0,1,0,0,0,0,0,0,0,0,0,0,1
1272,50,0,0,0,0,3,0,1,0,0,0,0,0,0,0,0,0,0,0,1,0,0,0,0,0,0,1
1273,40,0,1,0,90,3,180,0,0,0,1,0,0,0,0,0,0,0,0,1,0,0,0,0,0,0,0
1274,300,0,0,265,0,4,0,1,0,0,0,0,0,0,0,1,0,0,0,0,0,0,0,0,0,0,1
1275,265,0,1,340,110,4,156,0,0,0,0,0,0,0,0,0,0,1,0,0,0,0,0,0,0,1,0
1276,250,0,1,245,0,4,0,0,0,0,0,0,0,0,0,0,0,1,0,0,0,0,0,0,0,0,1
1277,280,0,0,300,55,4,177,0,0,0,0,0,0,1,0,1,0,0,0,0,0,0,1,0,0,0,0
1278,50,0,1,0,15,4,155,0,0,0,0,0,0,0,0,0,0,0,0,1,0,0,0,0,0,1,0
1279,50,0,1,0,30,4,109,0,0,0,0,0,0,0,0,0,0,0,0,1,0,0,0,0,0,1,0
1280,50,0,0,0,37,4,297,0,0,1,0,0,0,0,0,0,0,0,0,1,0,0,1,0,0,0,0
1281,250,0,1,490,0,5,0,0,0,0,0,0,0,0,0,0,0,1,0,0,0,1,0,0,0,0,1
1282,280,0,1,145,75,5,188,0,0,0,0,0,0,1,0,0,0,1,0,0,0,1,1,0,0,0,0
1283,265,0,0,200,0,5,0,0,0,1,0,0,0,0,0,0,0,1,0,0,0,1,0,0,0,0,1
1284,50,0,1,0,120,5,159,0,0,0,0,0,0,0,0,0,0,0,0,1,0,0,0,0,0,1,0
1285,265,1,1,570,80,6,170,0,0,0,0,0,0,0,0,0,0,1,0,0,0,1,0,1,0,0,0
1286,750,1,1,395,0,6,0,0,0,0,0,0,0,0,0,0,0,1,0,0,0,1,0,0,0,0,1
1287,280,1,1,485,53,6,144,0,0,0,0,0,0,1,0,0,0,1,0,0,0,1,1,0,0,0,0
1288,180,0,0,105,0,6,0,0,1,0,0,0,0,0,0,0,0,1,0,0,0,1,0,0,0,0,1
1289,325,1,1,430,0,6,0,0,0,1,0,0,0,0,0,0,0,1,0,0,0,1,0,0,0,0,1
1290,325,1,0,330,0,6,0,0,0,1,0,0,0,0,0,1,0,0,0,0,0,1,0,0,0,0,1
1291,50,0,1,0,30,6,99,0,0,0,0,0,0,1,0,0,0,0,0,1,0,0,1,0,0,0,0
1292,350,0,0,90,0,0,0,1,0,0,0,0,0,0,0,0,1,0,0,0,0,1,0,0,0,0,1
1293,280,0,1,380,0,0,0,0,0,0,0,0,0,1,0,0,0,1,0,0,0,1,1,0,0,0,0
1294,50,0,0,0,0,0,300,1,0,0,0,0,0,0,0,0,0,0,0,1,0,0,1,0,0,0,0
1295,630,0,1,90,0,1,0,0,0,0,0,0,0,1,0,0,0,1,0,0,0,1,0,0,0,0,1
1296,300,0,0,55,0,2,0,1,0,0,0,0,0,0,0,0,0,0,0,0,0,1,0,0,0,0,1
1297,250,0,1,225,0,2,0,0,0,0,0,0,0,0,0,0,0,1,0,0,0,1,0,0,0,0,1
1298,285,0,0,490,0,2,0,0,0,1,0,0,0,0,0,1,0,0,0,0,0,1,0,0,0,0,1
1299,265,0,0,60,0,2,0,0,0,1,0,0,0,0,0,0,0,0,0,0,0,1,0,0,0,0,1
1300,265,0,1,180,90,3,165,0,0,0,0,0,0,0,0,0,0,0,0,0,0,1,0,1,0,0,0
1301,280,0,1,240,80,3,128,0,0,0,0,0,0,1,0,0,0,0,0,0,0,1,1,0,0,0,0
1302,50,0,1,0,120,3,260,0,0,0,0,0,0,0,0,0,0,0,0,1,0,0,0,1,0,0,0
1303,50,0,0,0,60,3,102,0,0,1,0,0,0,0,0,0,0,0,0,1,0,0,1,0,0,0,0
1304,50,0,0,0,120,3,151,0,0,1,0,0,0,0,0,0,0,0,0,1,0,0,1,0,0,0,0
1305,265,0,1,360,120,4,156,0,0,0,0,0,0,0,0,0,0,0,0,1,0,0,0,0,0,1,0
1306,285,0,1,490,45,4,154,0,0,1,0,0,0,0,0,1,0,0,0,0,0,1,1,0,0,0,0
1307,50,0,1,0,180,4,0,0,0,0,0,0,0,0,0,0,0,0,0,1,0,0,0,0,0,0,1
1308,300,0,0,300,0,5,0,1,0,0,0,0,0,0,0,0,1,0,0,0,0,1,0,0,0,0,1
1309,265,1,1,300,70,5,126,0,0,0,0,0,0,0,0,0,0,1,0,0,0,1,0,0,0,1,0
1310,280,1,1,570,65,5,174,0,0,0,0,0,0,1,0,0,0,1,0,0,0,1,1,0,0,0,0
1311,285,0,1,250,75,5,1106,0,0,1,0,0,0,0,0,1,0,0,0,0,0,1,1,0,0,0,0
1312,50,0,1,0,120,5,0,0,0,0,0,0,0,0,0,0,0,0,0,1,0,0,0,0,0,0,1
1313,50,0,1,0,300,6,0,0,0,0,0,0,0,0,0,0,0,0,0,1,0,0,0,0,0,0,1
1314,50,0,1,0,150,0,1460,0,0,0,0,0,0,0,0,0,0,0,0,1,0,0,0,1,0,0,0
1315,50,0,1,0,15,0,117,0,0,1,0,0,0,0,0,0,0,0,0,1,0,0,1,0,0,0,0
1316,300,0,0,115,0,1,0,1,0,0,0,0,0,0,0,0,1,0,0,0,0,1,0,0,0,0,1
1317,50,0,1,0,180,1,459,0,0,0,0,0,0,0,0,0,0,0,0,1,0,0,0,0,0,1,0
1318,265,0,1,300,20,2,180,0,0,0,0,0,0,0,0,0,0,1,0,0,0,1,0,0,0,1,0
1319,250,0,1,140,0,2,0,0,0,0,0,0,0,0,0,0,0,1,0,0,0,1,0,0,0,0,1
1320,350,0,0,280,15,3,992,1,0,0,0,0,0,0,0,0,1,0,0,0,0,1,1,0,0,0,0
1321,280,0,1,240,90,3,180,0,0,0,0,0,0,1,0,0,0,0,0,0,0,1,1,0,0,0,0
1322,285,0,1,170,20,3,100,0,0,1,0,0,0,0,0,0,0,0,0,0,0,1,0,0,0,0,0
1323,285,0,1,280,30,3,112,0,0,1,0,0,0,0,0,0,1,0,0,0,0,1,0,0,0,0,0
1324,50,0,1,0,80,3,181,0,0,0,0,0,0,0,0,0,0,0,0,1,0,0,0,0,0,1,0
1325,40,0,1,0,120,3,198,0,0,0,1,0,0,0,0,0,0,0,0,1,0,0,0,0,0,0,0
1326,265,0,1,220,60,4,270,0,0,0,0,0,0,0,0,0,0,1,0,0,0,1,0,1,0,0,0
1327,265,0,1,270,10,4,178,0,0,0,0,0,0,0,0,0,0,1,0,0,0,1,0,1,0,0,0
1328,280,0,1,75,80,4,196,0,0,0,0,0,0,1,0,1,0,0,0,0,0,1,1,0,0,0,0
1329,50,0,1,0,120,4,177,0,0,0,0,0,0,0,0,0,0,0,0,0,0,1,0,1,0,0,0
1330,265,0,1,470,110,5,165,0,0,0,0,0,0,0,0,0,0,1,0,0,0,1,0,1,0,0,0
1331,250,0,1,480,0,5,0,0,0,0,0,0,0,0,0,0,0,1,0,0,0,1,0,0,0,0,1
1332,180,0,0,80,0,5,0,0,1,0,0,0,0,0,0,0,0,0,0,0,0,1,0,0,0,0,1
1333,265,0,1,380,70,6,135,0,0,0,0,0,0,0,0,0,0,0,0,0,0,1,0,0,0,1,0
1334,280,0,1,285,80,6,177,0,0,0,0,0,0,1,0,0,0,0,0,0,0,1,1,0,0,0,0
1335,180,0,0,380,0,6,0,0,1,0,0,0,0,0,0,0,0,0,0,0,0,1,0,0,0,0,1
1336,300,0,0,135,0,0,0,1,0,0,0,0,0,0,0,0,1,0,0,0,0,1,0,0,0,0,1
1337,250,0,1,280,0,0,0,0,0,0,0,0,0,0,0,0,0,1,0,0,0,1,0,0,0,0,1
1338,50,0,1,0,90,0,265,0,0,0,0,0,0,0,0,0,0,0,0,1,0,0,0,1,0,0,0
1339,265,0,1,335,70,1,158,0,0,0,0,0,0,0,0,0,0,0,0,0,0,1,0,1,0,0,0
1340,280,0,1,230,90,3,150,0,0,0,0,0,0,1,0,0,0,0,0,0,0,1,1,0,0,0,0
1341,180,0,0,230,0,3,0,0,1,0,0,0,0,0,0,0,0,1,0,0,0,1,0,0,0,0,1
1342,50,0,1,0,60,3,288,0,0,0,0,0,0,0,0,0,0,0,0,1,0,0,0,0,0,1,0
1343,265,0,1,105,120,4,170,0,0,0,0,0,0,0,0,0,0,1,0,0,0,1,0,1,0,0,0
1344,50,0,0,0,90,4,228,0,1,0,0,0,0,0,0,0,0,0,0,1,0,0,1,0,0,0,0
1345,50,0,0,0,105,4,177,0,1,0,0,0,0,0,0,0,0,0,0,1,0,0,1,0,0,0,0
1346,265,0,1,70,15,5,191,0,0,0,0,0,0,0,0,0,0,1,0,0,0,1,0,0,0,1,0
1347,250,0,1,60,0,5,0,0,0,0,0,0,0,0,0,0,0,1,0,0,0,1,0,0,0,0,1
1348,250,0,1,225,0,6,0,0,0,0,0,0,0,0,0,0,0,1,0,0,0,1,0,0,0,0,1
1349,265,0,1,90,30,6,150,0,0,0,0,0,0,0,0,0,0,1,0,0,0,1,0,1,0,0,0
1350,180,0,0,60,0,6,0,0,1,0,0,0,0,0,0,0,0,0,0,0,0,1,0,0,0,0,1
1351,50,0,1,0,90,6,200,0,0,0,0,0,0,0,0,0,0,0,0,1,0,0,0,1,0,0,0
1352,350,0,1,60,10,0,12,1,0,0,0,0,0,0,0,0,0,0,0,0,0,1,1,0,0,0,0
1353,280,0,1,240,105,0,165,0,0,0,0,0,0,1,0,0,0,0,0,0,0,1,1,0,0,0,0
1354,50,0,1,0,480,0,0,0,0,0,0,0,0,0,0,0,0,0,0,1,0,0,0,0,0,0,1
1355,50,0,1,0,20,0,955,0,0,0,0,0,0,1,0,0,0,0,0,1,0,0,1,0,0,0,0
1356,40,0,1,0,80,0,180,0,0,0,1,0,0,0,0,0,0,0,0,1,0,0,1,0,0,0,0
1357,280,0,1,250,95,1,167,0,0,0,0,0,0,1,0,0,0,1,0,0,0,1,1,0,0,0,0
1358,285,0,1,60,0,1,0,0,0,1,0,0,0,0,0,1,0,0,0,0,0,1,0,0,0,0,1
1359,285,0,1,120,0,1,0,0,0,1,0,0,0,0,0,1,0,0,0,0,0,1,0,0,0,0,1
1360,180,0,0,415,0,1,0,0,1,0,0,0,0,0,0,0,1,0,0,0,0,1,0,0,0,0,1
1361,50,0,1,0,180,1,720,0,0,0,0,0,0,0,0,0,0,0,0,1,0,0,0,1,0,0,0
1362,265,0,1,240,105,2,170,0,0,0,0,0,0,0,0,0,0,0,0,0,0,1,0,0,0,1,0
1363,265,0,1,220,120,2,148,0,0,0,0,0,0,0,0,0,0,1,0,0,0,1,0,1,0,0,0
1364,285,0,0,190,0,2,0,0,0,1,0,0,0,0,0,1,0,0,0,0,0,1,0,0,0,0,1
1365,350,0,0,210,30,3,205,1,0,0,0,0,0,0,0,0,1,0,0,0,0,1,0,0,0,0,0
1366,265,0,1,450,105,3,902,0,0,0,0,0,0,0,0,0,0,1,0,0,0,1,0,1,0,0,0
1367,250,0,1,190,0,3,0,0,0,0,0,0,0,0,0,0,0,1,0,0,0,1,0,0,0,0,1
1368,280,0,1,210,85,3,165,0,0,0,0,0,0,1,0,0,0,0,0,0,0,1,1,0,0,0,0
1369,285,1,1,430,120,3,153,0,0,1,0,0,0,0,0,1,0,0,0,0,0,1,1,0,0,0,0
1370,285,0,1,330,75,3,76,0,0,1,0,0,0,0,0,1,0,0,0,0,0,1,0,0,0,0,1
1371,50,0,1,0,120,3,220,0,0,0,0,0,0,0,0,0,0,0,0,1,0,0,0,1,0,0,0
1372,50,0,1,0,120,3,285,0,1,0,0,0,0,0,0,0,0,0,0,1,0,0,1,0,0,0,0
1373,265,0,1,260,80,4,140,0,0,0,0,0,0,0,0,0,0,1,0,0,0,1,0,1,0,0,0
1374,285,0,1,180,87,4,138,0,0,1,0,0,0,0,0,0,1,0,0,0,0,1,1,0,0,0,0
1375,285,0,1,120,75,4,169,0,0,1,0,0,0,0,0,1,0,0,0,0,0,1,1,0,0,0,0
1376,40,0,1,0,65,4,200,0,0,0,1,0,0,0,0,0,0,0,0,1,0,0,0,0,0,0,1
1377,350,0,0,140,0,5,0,1,0,0,0,0,0,0,0,0,0,0,0,0,0,1,0,0,0,0,1
1378,265,0,1,180,45,5,247,0,0,0,0,0,0,0,0,0,0,0,0,0,0,1,0,1,0,0,0
1379,250,0,1,300,0,6,0,0,0,0,0,0,0,0,0,0,0,1,0,0,0,1,0,0,0,0,1
1380,350,0,0,100,30,0,290,1,0,0,0,0,0,0,0,0,0,1,0,0,0,1,1,0,0,0,0
1381,265,0,1,90,20,0,189,0,0,0,0,0,0,0,0,0,0,0,0,0,0,1,0,0,0,1,0
1382,50,0,1,320,0,0,0,0,0,0,0,0,0,1,0,0,1,0,0,0,0,1,0,0,0,0,1
1383,50,0,1,0,170,0,287,0,0,0,0,0,0,0,0,0,0,0,0,1,0,0,0,0,0,1,0
1384,265,0,1,360,155,1,172,0,0,0,0,0,0,0,0,0,0,1,0,0,0,1,0,0,0,1,0
1385,250,0,1,210,0,1,0,0,0,0,0,0,0,0,0,0,0,1,0,0,0,1,0,0,0,0,1
1386,180,0,0,90,0,1,0,0,1,0,0,0,0,0,0,0,0,0,0,0,0,1,0,0,0,0,1
1387,250,0,0,230,0,1,0,0,0,0,0,0,0,1,0,0,0,0,0,0,0,1,0,0,0,0,1
1388,350,0,0,340,10,2,6,1,0,0,0,0,0,0,0,0,1,0,0,0,0,1,1,0,0,0,0
1389,265,0,1,215,105,2,165,0,0,0,0,0,0,0,0,0,0,1,0,0,0,1,0,1,0,0,0
1390,250,0,1,240,0,2,0,0,0,0,0,0,0,0,0,0,0,1,0,0,0,1,0,0,0,0,1
1391,280,0,1,150,90,2,164,0,0,0,0,0,0,1,0,0,0,1,0,0,0,1,0,0,0,0,1
1392,50,0,1,0,120,2,230,0,0,0,0,0,0,0,0,0,0,0,0,1,0,0,0,1,0,0,0
1393,40,0,1,0,65,2,180,0,0,0,1,0,0,0,0,0,0,0,0,1,0,0,1,0,0,0,0
1394,300,0,0,90,0,3,0,1,0,0,0,0,0,0,0,0,0,1,0,0,0,1,0,0,0,0,1
1395,280,0,0,195,90,3,161,0,0,0,0,0,0,1,0,0,0,1,0,0,0,1,1,0,0,0,0
1396,50,0,1,0,90,3,146,0,0,0,0,0,0,0,0,0,0,0,0,1,0,0,0,1,0,0,0
1397,265,0,1,295,90,4,158,0,0,0,0,0,0,0,0,0,0,1,0,0,0,1,0,0,0,1,0
1398,250,0,1,250,0,4,0,0,0,0,0,0,0,0,0,0,0,1,0,0,0,1,0,0,0,0,1
1399,180,0,0,60,0,4,0,0,1,0,0,0,0,0,0,0,0,0,0,0,0,1,0,0,0,0,1
1400,265,0,1,255,50,5,147,0,0,0,0,0,0,0,0,0,0,1,0,0,0,1,0,0,0,1,0
1401,250,0,1,470,0,5,0,0,0,0,0,0,0,0,0,0,0,1,0,0,0,1,0,0,0,0,1
1402,280,0,1,200,90,5,173,0,0,0,0,0,0,1,0,0,0,1,0,0,0,1,1,0,0,0,0
1403,50,0,1,0,120,5,159,0,0,0,0,0,0,0,0,0,0,0,0,1,0,0,0,0,0,1,0
1404,50,0,1,0,120,6,146,0,0,0,0,0,0,0,0,0,0,0,0,1,0,0,0,1,0,0,0
1405,300,0,0,360,0,0,0,1,0,0,0,0,0,0,0,0,0,0,0,0,0,1,0,0,0,0,1
1406,265,0,1,340,120,0,270,0,0,0,0,0,0,0,0,0,0,1,0,0,0,1,0,1,0,0,0
1407,280,0,0,300,75,0,192,0,0,0,0,0,0,1,0,0,0,0,0,0,0,1,1,0,0,0,0
1408,180,0,0,30,0,0,0,0,1,0,0,0,0,0,0,0,0,0,0,0,0,1,0,0,0,0,1
1409,285,0,0,240,0,0,0,0,0,1,0,0,0,0,0,0,0,0,0,0,0,1,0,0,0,0,1
1410,285,0,0,180,0,1,0,0,0,1,0,0,0,0,0,0,0,1,0,0,0,1,0,0,0,0,1
1411,265,0,0,120,0,1,0,0,0,1,0,0,0,0,0,0,0,0,0,0,0,1,0,0,0,0,1
1412,250,0,1,150,0,2,0,0,0,0,0,0,0,0,0,0,0,1,0,0,0,1,0,0,0,0,1
1413,250,0,1,120,0,2,0,0,0,0,0,0,0,0,0,0,0,1,0,0,0,1,0,0,0,0,1
1414,280,0,1,145,120,2,151,0,0,0,0,0,0,1,0,0,0,1,0,0,0,1,1,0,0,0,0
1415,2,0,1,235,0,2,0,0,0,1,0,0,0,0,0,1,0,0,0,0,0,1,0,0,0,0,1
1416,50,0,1,0,90,2,183,0,0,1,0,0,0,0,0,0,0,0,0,1,0,0,0,0,0,0,0
1417,300,0,1,170,0,3,0,1,0,0,0,0,0,0,0,0,1,0,0,0,0,1,0,0,0,0,1
1418,250,0,1,105,0,3,0,0,0,0,0,0,0,0,0,0,0,0,0,0,0,1,0,0,0,0,1
1419,285,0,1,30,90,3,170,0,0,1,0,0,0,0,0,1,0,0,0,0,0,1,1,0,0,0,0
1420,280,0,1,120,90,3,182,0,0,0,0,0,0,1,0,0,0,0,0,0,0,1,1,0,0,0,0
1421,50,0,1,0,120,3,244,0,0,0,0,0,0,0,0,0,0,0,0,1,0,0,0,0,0,1,0
1422,40,0,1,0,120,3,190,0,0,0,1,0,0,0,0,0,0,0,0,1,0,0,0,0,0,0,0
1423,250,0,1,50,10,4,174,0,0,0,0,0,0,0,0,0,0,1,0,0,0,1,0,1,0,0,0
1424,250,0,1,150,0,4,0,0,0,0,0,0,0,0,0,0,0,1,0,0,0,1,0,0,0,0,1
1425,180,0,0,60,0,4,0,0,1,0,0,0,0,0,0,0,0,0,0,0,0,1,0,0,0,0,1
1426,50,0,0,0,60,4,3200,1,0,0,0,0,0,0,0,0,0,0,0,1,0,0,1,0,0,0,0
1427,250,0,1,335,0,5,0,0,0,0,0,0,0,0,0,0,0,1,0,0,0,1,0,0,0,0,1
1428,250,0,1,195,0,6,0,0,0,0,0,0,0,0,0,0,0,1,0,0,0,1,0,0,0,0,1
1429,50,0,1,0,120,6,262,0,0,0,0,0,0,0,0,0,0,0,0,1,0,0,0,0,0,1,0
1430,265,0,1,140,20,0,174,0,0,0,0,0,0,0,0,1,0,0,0,0,0,1,0,0,0,1,0
1431,285,0,1,60,15,0,183,0,0,1,0,0,0,0,0,1,0,0,0,0,0,1,1,0,0,0,0
1432,280,0,1,180,0,0,0,0,0,0,0,0,0,1,0,0,0,1,0,0,0,1,0,0,0,0,1
1433,50,0,1,0,120,0,221,0,0,0,0,0,0,0,0,0,0,0,0,1,0,0,0,0,0,1,0
1434,50,0,1,0,60,0,142,0,0,0,0,0,0,0,0,0,0,0,0,1,0,0,0,0,0,1,0
1435,250,0,1,240,0,1,0,0,0,0,0,0,0,0,0,0,0,1,0,0,0,1,0,0,0,0,1
1436,265,0,1,130,90,1,152,0,0,0,0,0,0,0,0,0,0,1,0,0,0,1,0,1,0,0,0
1437,285,0,1,105,15,1,95,0,0,1,0,0,0,0,0,0,0,0,0,0,0,1,1,0,0,0,0
1438,280,0,1,60,105,1,177,0,0,0,0,0,0,1,0,0,0,0,0,0,0,1,1,0,0,0,0
1439,40,0,1,0,75,1,180,0,0,0,1,0,0,0,0,0,0,0,0,1,0,0,1,0,0,0,0
1440,350,0,0,839,0,1,0,0,0,0,0,0,0,0,0,0,0,0,1,1,0,0,0,0,0,0,1
1441,300,0,0,180,0,2,0,1,0,0,0,0,0,0,0,0,1,0,0,0,0,1,0,0,0,0,1
1442,265,0,1,105,150,2,177,0,0,0,0,0,0,0,0,0,0,1,0,0,0,1,0,1,0,0,0
1443,250,0,1,60,0,2,0,0,0,0,0,0,0,1,0,0,0,0,0,0,0,1,0,0,0,0,1
1444,50,0,1,0,85,2,149,0,0,0,0,0,0,0,0,0,0,0,0,1,0,0,0,1,0,0,0
1445,300,0,0,0,0,2,0,0,0,0,0,0,0,0,0,0,0,0,1,1,0,0,0,0,0,0,1
1446,350,0,0,180,30,3,10,1,0,0,0,0,0,0,0,0,0,0,0,0,0,1,0,0,0,0,0
1447,265,0,1,180,105,3,159,0,0,0,0,0,0,0,0,0,0,0,0,0,0,1,0,0,0,1,0
1448,250,0,1,460,0,3,0,0,0,0,0,0,0,0,0,0,0,1,0,0,0,1,0,0,0,0,1
1449,285,0,1,370,60,3,137,0,0,1,0,0,0,0,0,0,0,0,0,0,0,1,0,0,0,0,0
1450,300,0,1,370,60,3,0,0,0,1,0,0,0,0,0,0,0,0,0,0,0,1,0,0,0,0,1
1451,280,0,1,150,60,3,153,0,0,0,0,0,0,1,0,0,0,0,0,0,0,1,1,0,0,0,0
1452,310,1,1,370,0,3,0,0,0,0,0,0,0,1,0,0,1,0,0,0,0,1,0,0,0,0,1
1453,180,0,0,100,0,3,0,0,1,0,0,0,0,0,0,0,0,1,0,0,0,1,0,0,0,0,1
1454,300,0,0,240,0,4,0,1,0,0,0,0,0,0,0,0,0,0,0,0,0,1,0,0,0,0,1
1455,265,0,1,180,120,4,167,0,0,0,0,0,0,0,0,0,0,1,0,0,0,1,0,0,0,1,0
1456,250,0,1,300,0,4,0,0,0,0,0,0,0,0,0,0,0,1,0,0,0,1,0,0,0,0,1
1457,280,0,1,45,90,4,208,0,0,0,0,0,0,1,0,0,0,0,0,0,0,1,0,0,0,0,0
1458,50,0,1,0,95,4,149,0,0,0,0,0,0,0,0,0,0,0,0,1,0,0,0,0,0,1,0
1459,50,0,1,0,150,4,210,0,0,0,0,0,0,1,0,0,0,0,0,1,0,0,0,0,0,0,0
1460,265,0,1,60,15,5,47,0,0,0,0,0,0,0,0,0,0,1,0,0,0,1,0,0,0,1,0
1461,250,0,1,240,0,5,0,0,0,0,0,0,0,0,0,0,0,1,0,0,0,1,0,0,0,0,1
1462,50,0,1,0,75,5,153,0,0,0,0,0,0,0,0,0,0,0,0,1,0,0,0,0,0,1,0
1463,750,1,1,245,0,6,0,0,0,0,0,0,0,0,0,0,0,1,0,0,0,1,0,0,0,0,1
1464,350,0,1,150,20,0,652,1,0,0,0,0,0,0,0,1,0,0,0,0,0,1,1,0,0,0,0
1465,180,0,0,60,0,0,0,0,1,0,0,0,0,0,0,0,0,0,0,0,0,1,0,0,0,0,1
1466,125,0,0,0,330,0,0,0,0,0,0,0,0,0,0,0,0,0,0,1,0,0,0,0,0,0,1
1467,265,0,1,50,360,1,218,0,0,0,0,0,0,0,0,0,0,0,0,0,0,1,0,0,0,1,0
1468,265,0,1,80,190,1,133,0,0,0,0,0,0,0,0,0,0,0,0,0,0,1,0,1,0,0,0
1469,100,0,0,0,240,1,1200,0,0,0,0,0,0,0,0,0,0,0,0,1,0,0,0,0,0,0,0
1470,265,0,1,100,60,2,135,0,0,0,0,0,0,0,0,0,0,1,0,0,0,1,0,0,0,1,0
1471,265,0,1,225,75,2,129,0,0,0,0,0,0,0,0,0,0,1,0,0,0,1,0,0,0,1,0
1472,285,0,1,180,30,2,170,0,0,1,0,0,0,0,0,1,0,0,0,0,0,1,1,0,0,0,0
1473,250,0,0,0,360,2,361,0,1,0,0,0,0,0,0,0,0,0,0,1,0,0,1,0,0,0,0
1474,265,0,1,320,60,3,146,0,0,0,0,0,0,0,0,0,0,1,0,0,0,1,0,1,0,0,0
1475,250,0,1,120,0,3,0,0,0,0,0,0,0,0,0,0,0,1,0,0,0,1,0,0,0,0,1
1476,280,0,1,80,90,3,180,0,0,0,0,0,0,1,0,0,0,1,0,0,0,1,1,0,0,0,0
1477,180,0,0,60,0,3,0,0,1,0,0,0,0,0,0,0,0,1,0,0,0,1,0,0,0,0,1
1478,50,0,1,0,360,3,188,0,0,0,0,0,0,0,0,0,0,0,0,1,0,0,0,1,0,0,0
1479,350,0,0,90,10,4,21,1,0,0,0,0,0,0,0,0,0,0,0,0,0,1,1,0,0,0,0
1480,265,0,1,65,70,4,132,0,0,0,0,0,0,0,0,0,0,1,0,0,0,1,0,0,0,1,0
1481,50,0,1,0,120,4,230,0,0,0,0,0,0,0,0,0,0,0,0,1,0,0,0,0,0,1,0
1482,280,0,0,50,105,5,226,0,0,0,0,0,0,1,0,0,0,1,0,0,0,1,1,0,0,0,0
1483,180,0,0,60,0,5,0,0,1,0,0,0,0,0,0,0,0,0,0,0,0,1,0,0,0,0,1
1484,280,0,1,195,110,6,181,0,0,0,0,0,0,1,0,0,0,1,0,0,0,1,1,0,0,0,0
1485,280,0,1,70,110,0,157,0,0,0,0,0,0,1,0,0,0,1,0,0,0,1,1,0,0,0,0
1486,265,0,1,30,10,1,127,0,0,0,0,0,0,0,0,0,0,0,0,0,0,1,0,1,0,0,0
1487,265,0,1,255,120,1,162,0,0,0,0,0,0,0,0,0,0,1,0,0,0,1,0,1,0,0,0
1488,180,0,0,90,0,1,0,0,1,0,0,0,0,0,0,0,0,0,0,0,0,1,0,0,0,0,1
1489,40,0,1,0,90,1,191,0,0,0,1,0,0,0,0,0,0,0,0,1,0,0,1,0,0,0,0
1490,250,0,1,500,0,2,0,0,0,0,0,0,0,0,0,0,0,1,0,0,0,1,0,0,0,0,1
1491,250,0,1,285,0,2,0,0,0,0,0,0,0,0,0,0,0,1,0,0,0,1,0,0,0,0,1
1492,180,0,0,50,0,2,0,0,1,0,0,0,0,0,0,0,0,0,0,0,0,1,0,0,0,0,1
1493,280,0,1,240,115,2,189,0,0,0,0,0,0,1,0,0,0,1,0,0,0,1,1,0,0,0,0
1494,50,0,1,0,120,2,230,0,0,0,0,0,0,0,0,0,0,0,0,1,0,0,0,1,0,0,0
1495,50,0,0,0,30,2,217,0,1,0,0,0,0,0,0,0,0,0,0,1,0,0,1,0,0,0,0
1496,265,0,1,390,150,3,165,0,0,0,0,0,0,0,0,0,0,1,0,0,0,1,0,1,0,0,0
1497,250,0,1,380,0,3,0,0,0,0,0,0,0,0,0,0,0,1,0,0,0,1,0,0,0,0,1
1498,50,0,1,0,120,3,163,0,0,0,0,0,0,0,0,0,0,0,0,1,0,0,0,1,0,0,0
1499,280,0,1,180,90,4,186,0,0,0,0,0,0,1,0,0,0,0,0,0,0,1,0,0,0,0,0
1500,180,0,0,60,0,4,0,0,1,0,0,0,0,0,0,0,0,0,0,0,0,1,0,0,0,0,1
1501,50,0,1,0,75,4,150,0,0,0,0,0,0,0,0,0,0,0,0,1,0,0,0,0,0,1,0
1502,265,0,1,315,50,5,148,0,0,0,0,0,0,0,0,0,0,1,0,0,0,1,0,1,0,0,0
1503,750,1,1,170,0,5,0,0,0,0,0,0,0,0,0,0,0,1,0,0,0,1,0,0,0,0,1
